library_id,sample_id,generator,target_risk,observed_risk,risk_score_mean,risk_score_std,risk_gap,target_match,collision_observed,collision_run_count,accepted_run_count,verification_basis,evidence_granularity,quality_tier,operational_quality,diversity_score,nearest_neighbor_distance,quality_flag_text
slv1_009f3375a1f7a48e,lhs_high_20260817_0223,lhs,high,medium,49.22233333333333,0.0200333056017554,-1.0,False,False,0,3,inherited_batch_acceptance,aggregate,bronze,0.888221112035497,0.4565660329459943,0.06848490494189914,aggregate_evidence_only;carla_version_not_recorded;realism_not_assessed;run_level_evidence_not_embedded;target_condition_mismatch
slv1_01bf003597beeb8c,cvae_critical_20260818_0181,cvae,critical,critical,80.20166666666667,0.5123537189611592,0.0,True,True,3,3,inherited_batch_acceptance,aggregate,bronze,0.8718104315901836,0.15947128265959976,0.02392069239893996,aggregate_evidence_only;carla_version_not_recorded;collision_observed;low_relative_diversity;realism_not_assessed;run_level_evidence_not_embedded
slv1_05820741b96d57ae,cvae_critical_20260816_0052,cvae,critical,high,53.14666666666667,0.05513921774321292,-1.0,False,False,0,3,inherited_batch_acceptance,aggregate,bronze,0.8870509149641151,0.057497550586431564,0.008624632587964734,aggregate_evidence_only;carla_version_not_recorded;low_relative_diversity;realism_not_assessed;run_level_evidence_not_embedded;target_condition_mismatch
slv1_06fa8282b0772d5e,cvae_high_20260815_0076,cvae,high,medium,48.626666666666665,0.027682726262659368,-1.0,False,False,0,3,inherited_batch_acceptance,aggregate,bronze,0.8879661313468002,0.12562527290920988,0.018843790936381482,aggregate_evidence_only;carla_version_not_recorded;low_relative_diversity;realism_not_assessed;run_level_evidence_not_embedded;target_condition_mismatch
slv1_084a736f071c52b9,gmm_high_20260816_0040,gmm,high,medium,43.379,0.015524174696262976,-1.0,False,False,0,3,inherited_batch_acceptance,aggregate,bronze,0.8883714163990134,0.2853166670185158,0.042797500052777375,aggregate_evidence_only;carla_version_not_recorded;realism_not_assessed;run_level_evidence_not_embedded;target_condition_mismatch
slv1_0da6d364b2858936,gmm_critical_20260813_0067,gmm,critical,critical,79.342,0.2217363299055828,0.0,True,True,3,3,direct_run_evidence,run_level,silver,0.9185347149290731,0.35606616808879077,0.05340992521331861,carla_version_not_recorded;collision_observed;historical_runtime_paths;realism_not_assessed
slv1_0debe298209ffb86,gmm_medium_20260813_0077,gmm,medium,medium,28.415000000000003,0.08496469855181156,0.0,True,False,0,3,direct_run_evidence,run_level,silver,0.9230937693075322,0.6914748008480317,0.10372122012720475,carla_version_not_recorded;historical_runtime_paths;realism_not_assessed
slv1_1056fc1a0c38486c,gmm_critical_20260816_0119,gmm,critical,medium,49.50233333333333,0.00472581562625237,-2.0,False,False,0,3,inherited_batch_acceptance,aggregate,bronze,0.8887313617013471,0.4397800283615538,0.06596700425423306,aggregate_evidence_only;carla_version_not_recorded;realism_not_assessed;run_level_evidence_not_embedded;target_condition_mismatch
slv1_1067c835d061142c,lhs_high_20260815_0205,lhs,high,medium,48.94566666666666,0.10334569818494009,-1.0,False,False,0,3,inherited_batch_acceptance,aggregate,bronze,0.8854440322827242,0.6780946140678044,0.10171419211017065,aggregate_evidence_only;carla_version_not_recorded;realism_not_assessed;run_level_evidence_not_embedded;target_condition_mismatch
slv1_110c96c990e15e6e,lhs_high_20260813_0106,lhs,high,high,51.74733333333334,0.09151138362702939,0.0,True,False,0,3,direct_run_evidence,run_level,silver,0.9228755464716917,0.4565660329459943,0.06848490494189914,carla_version_not_recorded;historical_runtime_paths;realism_not_assessed
slv1_11ea4a16da25a0c3,gmm_critical_20260818_0250,gmm,critical,critical,88.10966666666667,0.016743157806505253,0.0,True,True,3,3,inherited_batch_acceptance,aggregate,bronze,0.888330783628672,0.586988511455586,0.08804827671833788,aggregate_evidence_only;carla_version_not_recorded;collision_observed;realism_not_assessed;run_level_evidence_not_embedded
slv1_133736a769520943,lhs_high_20260815_0045,lhs,high,medium,47.714999999999996,0.06109828148156046,-1.0,False,False,0,3,inherited_batch_acceptance,aggregate,bronze,0.8868522795061701,0.5441557622959888,0.08162336434439832,aggregate_evidence_only;carla_version_not_recorded;realism_not_assessed;run_level_evidence_not_embedded;target_condition_mismatch
slv1_17995c9118e58a27,gmm_critical_20260817_0130,gmm,critical,high,53.56166666666667,0.9507556643708905,-1.0,False,False,0,3,inherited_batch_acceptance,aggregate,bronze,0.8571970334098592,0.3118187072408243,0.046772806086123636,aggregate_evidence_only;carla_version_not_recorded;realism_not_assessed;run_level_evidence_not_embedded;target_condition_mismatch
slv1_1900a0545228a024,cvae_critical_20260813_0042,cvae,critical,medium,48.01533333333333,1.1302797588797793,-2.0,False,False,0,3,direct_run_evidence,run_level,silver,0.8882499339632667,0.29380217300630745,0.044070325950946114,carla_version_not_recorded;historical_runtime_paths;realism_not_assessed;target_condition_mismatch
slv1_1c0732bad69e8283,cvae_critical_20260816_0099,cvae,critical,high,54.19166666666666,0.007505553499464052,-1.0,False,False,0,3,inherited_batch_acceptance,aggregate,bronze,0.8886387037722402,0.1189032675168277,0.017835490127524153,aggregate_evidence_only;carla_version_not_recorded;low_relative_diversity;realism_not_assessed;run_level_evidence_not_embedded;target_condition_mismatch
slv1_1d0905d357177ff7,gmm_low_20260813_0012,gmm,low,low,24.410666666666668,0.8785672047904665,0.0,True,False,0,3,direct_run_evidence,run_level,silver,0.8966403524329104,0.7413833604885759,0.11120750407328638,carla_version_not_recorded;historical_runtime_paths;realism_not_assessed
slv1_1f553436da16dfd3,gmm_critical_20260816_0165,gmm,critical,critical,97.04,0.0,0.0,True,True,3,3,inherited_batch_acceptance,aggregate,bronze,0.8888888888888888,0.25120193082599623,0.03768028962389943,aggregate_evidence_only;carla_version_not_recorded;collision_observed;realism_not_assessed;run_level_evidence_not_embedded
slv1_1fcb1457aed5ff74,gmm_high_20260813_0005,gmm,high,medium,44.718999999999994,0.08664294547163043,-1.0,False,False,0,3,direct_run_evidence,run_level,silver,0.9230378277435382,0.5749582815277867,0.086243742229168,carla_version_not_recorded;historical_runtime_paths;realism_not_assessed;target_condition_mismatch
slv1_20d5307e4f5c5937,gmm_critical_20260818_0120,gmm,critical,high,59.63233333333333,0.011590225767144172,-1.0,False,False,0,3,inherited_batch_acceptance,aggregate,bronze,0.8885025480299841,0.4788133473217473,0.07182200209826209,aggregate_evidence_only;carla_version_not_recorded;realism_not_assessed;run_level_evidence_not_embedded;target_condition_mismatch
slv1_21e559768aa1632d,cvae_high_20260815_0058,cvae,high,critical,78.16499999999999,0.028844410203711694,1.0,False,True,3,3,inherited_batch_acceptance,aggregate,bronze,0.8879274085487651,0.12136648105767335,0.018204972158651002,aggregate_evidence_only;carla_version_not_recorded;collision_observed;low_relative_diversity;realism_not_assessed;run_level_evidence_not_embedded;target_condition_mismatch
slv1_24d97c304de2cc31,cvae_low_20260813_0001,cvae,low,low,25.207666666666668,1.2082319037888931,0.0,True,False,0,3,direct_run_evidence,run_level,silver,0.8856515291329629,0.45568632665767433,0.06835294899865114,carla_version_not_recorded;historical_runtime_paths;realism_not_assessed
slv1_2744f6d896f226db,gmm_critical_20260818_0245,gmm,critical,high,57.68466666666668,0.05311622476544485,-1.0,False,False,0,3,inherited_batch_acceptance,aggregate,bronze,0.8871183480633741,0.3486599064557013,0.05229898596835519,aggregate_evidence_only;carla_version_not_recorded;realism_not_assessed;run_level_evidence_not_embedded;target_condition_mismatch
slv1_2a12c10f52930945,lhs_medium_20260813_0026,lhs,medium,medium,28.41333333333333,0.12383995047371875,0.0,True,False,0,3,direct_run_evidence,run_level,silver,0.9217979275768019,0.6256388597019756,0.09384582895529635,carla_version_not_recorded;historical_runtime_paths;realism_not_assessed
slv1_2b32f0ed766bee15,gmm_high_20260815_0021,gmm,high,medium,46.154,0.07493997598077963,-1.0,False,False,0,3,inherited_batch_acceptance,aggregate,bronze,0.8863908896895296,0.41525575029676637,0.062288362544514954,aggregate_evidence_only;carla_version_not_recorded;realism_not_assessed;run_level_evidence_not_embedded;target_condition_mismatch
slv1_2cf0fc8d132f790b,lhs_medium_20260813_0041,lhs,medium,medium,30.77,0.587091985978347,0.0,True,False,0,3,direct_run_evidence,run_level,silver,0.906356193059981,0.7316933455748365,0.10975400183622547,carla_version_not_recorded;historical_runtime_paths;realism_not_assessed
slv1_2fe6688d1ac37385,cvae_high_20260816_0070,cvae,high,medium,44.294333333333334,0.029091808698211135,-1.0,False,False,0,3,inherited_batch_acceptance,aggregate,bronze,0.8879191619322819,0.1449364304400597,0.021740464566008953,aggregate_evidence_only;carla_version_not_recorded;low_relative_diversity;realism_not_assessed;run_level_evidence_not_embedded;target_condition_mismatch
slv1_30788d7253e6e670,lhs_high_20260813_0077,lhs,high,medium,44.736,0.1158576713040603,-1.0,False,False,0,3,direct_run_evidence,run_level,silver,0.9220640035491239,0.5789121855712501,0.08683682783568751,carla_version_not_recorded;historical_runtime_paths;realism_not_assessed;target_condition_mismatch
slv1_308ede0d3751c2ae,cvae_high_20260816_0090,cvae,high,high,50.12733333333333,0.0652252507341558,0.0,True,False,0,3,inherited_batch_acceptance,aggregate,bronze,0.886714713864417,0.1449364304400597,0.021740464566008953,aggregate_evidence_only;carla_version_not_recorded;low_relative_diversity;realism_not_assessed;run_level_evidence_not_embedded
slv1_3be7adc22ec58fb5,lhs_high_20260817_0022,lhs,high,critical,81.09066666666666,0.08545369116271667,1.0,False,True,3,3,inherited_batch_acceptance,aggregate,bronze,0.8860404325167983,0.44479938533215213,0.06671990779982281,aggregate_evidence_only;carla_version_not_recorded;collision_observed;realism_not_assessed;run_level_evidence_not_embedded;target_condition_mismatch
slv1_413726db8ea31785,cvae_low_20260813_0115,cvae,low,low,23.761666666666667,0.33091590069583177,0.0,True,False,0,3,direct_run_evidence,run_level,silver,0.9148953959027315,0.45568632665767433,0.06835294899865114,carla_version_not_recorded;historical_runtime_paths;realism_not_assessed
slv1_4219bd68710f043e,lhs_high_20260816_0066,lhs,high,high,74.156,0.14857657958103312,0.0,True,True,3,3,inherited_batch_acceptance,aggregate,bronze,0.8839363362361877,0.591539303407036,0.0887308955110554,aggregate_evidence_only;carla_version_not_recorded;collision_observed;realism_not_assessed;run_level_evidence_not_embedded
slv1_4221d71e504eabd6,cvae_critical_20260818_0067,cvae,critical,critical,79.11666666666666,0.00750555349945995,0.0,True,True,3,3,inherited_batch_acceptance,aggregate,bronze,0.8886387037722402,0.14466073223970222,0.02169910983595533,aggregate_evidence_only;carla_version_not_recorded;collision_observed;low_relative_diversity;realism_not_assessed;run_level_evidence_not_embedded
slv1_422e122508be1e0c,lhs_critical_20260816_0065,lhs,critical,critical,87.396,0.7136056333858342,0.0,True,True,3,3,inherited_batch_acceptance,aggregate,bronze,0.8651020344426944,0.43891762981199567,0.06583764447179935,aggregate_evidence_only;carla_version_not_recorded;collision_observed;realism_not_assessed;run_level_evidence_not_embedded
slv1_42f30898ff8f5f30,gmm_high_20260816_0025,gmm,high,medium,45.489,0.07538567503179766,-1.0,False,False,0,3,inherited_batch_acceptance,aggregate,bronze,0.8863760330544957,0.498946681123002,0.0748420021684503,aggregate_evidence_only;carla_version_not_recorded;realism_not_assessed;run_level_evidence_not_embedded;target_condition_mismatch
slv1_444f3840322072fc,lhs_high_20260813_0024,lhs,high,high,50.31866666666667,0.06903863652574324,0.0,True,False,0,3,direct_run_evidence,run_level,silver,0.9236246380417344,0.5253948199382912,0.07880922299074367,carla_version_not_recorded;historical_runtime_paths;realism_not_assessed
slv1_4457ba10b378230e,lhs_high_20260816_0072,lhs,high,critical,77.34266666666666,0.011015141094571045,1.0,False,True,3,3,inherited_batch_acceptance,aggregate,bronze,0.8885217175190698,0.44479938533215213,0.06671990779982281,aggregate_evidence_only;carla_version_not_recorded;collision_observed;realism_not_assessed;run_level_evidence_not_embedded;target_condition_mismatch
slv1_450eef9b500b0535,cvae_high_20260813_0067,cvae,high,medium,42.74,0.02511971337416194,-1.0,False,False,0,3,direct_run_evidence,run_level,silver,0.9250886021467872,0.39484459764360663,0.05922668964654099,carla_version_not_recorded;historical_runtime_paths;realism_not_assessed;target_condition_mismatch
slv1_480a7ee5c4203454,cvae_low_20260813_0034,cvae,low,low,24.413666666666668,0.4834297604961187,0.0,True,False,0,3,direct_run_evidence,run_level,silver,0.9098116005760554,0.51960925314774,0.07794138797216099,carla_version_not_recorded;historical_runtime_paths;realism_not_assessed
slv1_48dd9a8f815d851f,cvae_high_20260813_0033,cvae,high,medium,45.74666666666667,0.4374669511326932,-1.0,False,False,0,3,direct_run_evidence,run_level,silver,0.9113436942215029,0.30263255376084364,0.04539488306412654,carla_version_not_recorded;historical_runtime_paths;realism_not_assessed;target_condition_mismatch
slv1_49b032568ba542e9,gmm_high_20260815_0105,gmm,high,medium,45.85933333333333,0.8686382062362513,-1.0,False,False,0,3,inherited_batch_acceptance,aggregate,bronze,0.8599342820143471,0.6496177209774512,0.09744265814661768,aggregate_evidence_only;carla_version_not_recorded;realism_not_assessed;run_level_evidence_not_embedded;target_condition_mismatch
slv1_4ad8816fb4ebd83e,lhs_critical_20260816_0254,lhs,critical,high,52.59900000000001,0.005567764362827893,-1.0,False,False,0,3,inherited_batch_acceptance,aggregate,bronze,0.8887032967434613,0.3886124776980509,0.05829187165470764,aggregate_evidence_only;carla_version_not_recorded;realism_not_assessed;run_level_evidence_not_embedded;target_condition_mismatch
slv1_4c4971f706e08122,gmm_high_20260815_0207,gmm,high,medium,47.162,0.02357965224510338,-1.0,False,False,0,3,inherited_batch_acceptance,aggregate,bronze,0.8881029004807187,0.6667489948784268,0.10001234923176401,aggregate_evidence_only;carla_version_not_recorded;realism_not_assessed;run_level_evidence_not_embedded;target_condition_mismatch
slv1_4f93eefba286db07,gmm_high_20260813_0049,gmm,high,medium,44.082,0.49665581643629264,-1.0,False,False,0,3,direct_run_evidence,run_level,silver,0.9093707320447161,0.7114255723226054,0.10671383584839081,carla_version_not_recorded;historical_runtime_paths;realism_not_assessed;target_condition_mismatch
slv1_5a4ecd6ab87f1fa1,lhs_high_20260817_0128,lhs,high,medium,49.29666666666666,0.04306197084822388,-1.0,False,False,0,3,inherited_batch_acceptance,aggregate,bronze,0.8874534898606147,0.42502199417660724,0.06375329912649108,aggregate_evidence_only;carla_version_not_recorded;realism_not_assessed;run_level_evidence_not_embedded;target_condition_mismatch
slv1_5f0896715ec8fcfd,lhs_low_20260813_0010,lhs,low,medium,25.866333333333333,0.11541808061708948,1.0,False,False,0,3,direct_run_evidence,run_level,silver,0.9220786565720229,0.9082542999037804,0.13623814498556705,carla_version_not_recorded;historical_runtime_paths;realism_not_assessed;target_condition_mismatch
slv1_6294f10d2c1aa706,lhs_critical_20260813_0101,lhs,critical,medium,48.967999999999996,1.42136694769507,-2.0,False,False,0,3,direct_run_evidence,run_level,silver,0.8785470276694235,0.6091013882117491,0.09136520823176236,carla_version_not_recorded;historical_runtime_paths;realism_not_assessed;target_condition_mismatch
slv1_629dfd75dd056718,lhs_medium_20260813_0110,lhs,medium,medium,32.588,0.15352849898308676,0.0,True,False,0,3,direct_run_evidence,run_level,silver,0.9208083092931564,0.694526488290394,0.1041789732435591,carla_version_not_recorded;historical_runtime_paths;realism_not_assessed
slv1_62aa02f743035d61,cvae_high_20260815_0159,cvae,high,critical,87.86666666666666,5.514564926930624,1.0,False,True,3,3,inherited_batch_acceptance,aggregate,bronze,0.7050700579912014,0.1977836538102834,0.02966754807154251,aggregate_evidence_only;carla_version_not_recorded;collision_observed;low_relative_diversity;realism_not_assessed;run_level_evidence_not_embedded;target_condition_mismatch
slv1_630c0849c6b43238,gmm_high_20260813_0079,gmm,high,critical,78.97833333333334,0.06627468093724276,1.0,False,True,3,3,direct_run_evidence,run_level,silver,0.9237167698946845,0.5072216776693738,0.07608325165040605,carla_version_not_recorded;collision_observed;historical_runtime_paths;realism_not_assessed;target_condition_mismatch
slv1_653b4203511c7943,cvae_critical_20260816_0163,cvae,critical,critical,83.566,4.378808399553467,0.0,True,True,3,3,inherited_batch_acceptance,aggregate,bronze,0.7429286089037733,0.10288697646056132,0.015433046469084197,aggregate_evidence_only;carla_version_not_recorded;collision_observed;low_relative_diversity;realism_not_assessed;run_level_evidence_not_embedded
slv1_657b91e046ab470e,cvae_critical_20260818_0165,cvae,critical,critical,89.45966666666668,0.035529330606319846,0.0,True,True,3,3,inherited_batch_acceptance,aggregate,bronze,0.8877045778686782,0.17603256670419973,0.026404885005629958,aggregate_evidence_only;carla_version_not_recorded;collision_observed;low_relative_diversity;realism_not_assessed;run_level_evidence_not_embedded
slv1_657c24cf48f79459,lhs_high_20260817_0164,lhs,high,medium,47.60866666666667,1.1434510629376897,-1.0,False,False,0,3,inherited_batch_acceptance,aggregate,bronze,0.8507738534576325,0.4995144366621581,0.07492716549932371,aggregate_evidence_only;carla_version_not_recorded;realism_not_assessed;run_level_evidence_not_embedded;target_condition_mismatch
slv1_71c7552a0e4a4fcf,cvae_critical_20260813_0030,cvae,critical,medium,46.976333333333336,0.8245619038818934,-2.0,False,False,0,3,direct_run_evidence,run_level,silver,0.8984405291298628,0.32085702662916943,0.04812855399437541,carla_version_not_recorded;historical_runtime_paths;realism_not_assessed;target_condition_mismatch
slv1_72564ecb00c26895,cvae_medium_20260813_0061,cvae,medium,medium,26.521333333333335,0.9443571005363033,0.0,True,False,0,3,direct_run_evidence,run_level,silver,0.8944473559080491,0.44301050299473427,0.06645157544921014,carla_version_not_recorded;historical_runtime_paths;realism_not_assessed
slv1_7384b1555ec55aa3,gmm_critical_20260816_0070,gmm,critical,critical,95.849,2.0031173205781054,0.0,True,True,3,3,inherited_batch_acceptance,aggregate,bronze,0.8221183115362853,0.35252109343320037,0.05287816401498006,aggregate_evidence_only;carla_version_not_recorded;collision_observed;realism_not_assessed;run_level_evidence_not_embedded
slv1_74966ddcbc68fd0a,lhs_critical_20260817_0173,lhs,critical,high,53.32933333333333,0.0040414518843302685,-1.0,False,False,0,3,inherited_batch_acceptance,aggregate,bronze,0.8887541738260779,0.3623742886323932,0.05435614329485897,aggregate_evidence_only;carla_version_not_recorded;realism_not_assessed;run_level_evidence_not_embedded;target_condition_mismatch
slv1_774c42b7db6746f9,lhs_low_20260813_0128,lhs,low,low,24.474333333333334,0.011015141094571367,0.0,True,False,0,3,direct_run_evidence,run_level,silver,0.9255587545561069,0.943689840607382,0.1415534760911073,carla_version_not_recorded;historical_runtime_paths;realism_not_assessed
slv1_777d03e9b6d9d313,lhs_critical_20260816_0150,lhs,critical,critical,79.28133333333334,0.08491368166163953,0.0,True,True,3,3,inherited_batch_acceptance,aggregate,bronze,0.8860584328335008,0.37485948572766936,0.056228922859150404,aggregate_evidence_only;carla_version_not_recorded;collision_observed;realism_not_assessed;run_level_evidence_not_embedded
slv1_7faf61a9f08f21be,gmm_critical_20260813_0004,gmm,critical,critical,85.42566666666666,0.012662279942147121,0.0,True,True,3,3,direct_run_evidence,run_level,silver,0.9255038499278543,0.20869914691788247,0.03130487203768237,carla_version_not_recorded;collision_observed;historical_runtime_paths;low_relative_diversity;realism_not_assessed
slv1_8243682bebcc4a6b,lhs_low_20260813_0077,lhs,low,low,24.584666666666667,0.4786902269039276,0.0,True,False,0,3,direct_run_evidence,run_level,silver,0.9099695850291284,0.7030207061857257,0.10545310592785884,carla_version_not_recorded;historical_runtime_paths;realism_not_assessed
slv1_867466ca065e2827,cvae_critical_20260816_0217,cvae,critical,high,61.16766666666667,0.02482606157515348,-1.0,False,False,0,3,inherited_batch_acceptance,aggregate,bronze,0.8880613535030504,0.14466073223970222,0.02169910983595533,aggregate_evidence_only;carla_version_not_recorded;low_relative_diversity;realism_not_assessed;run_level_evidence_not_embedded;target_condition_mismatch
slv1_8718d62c391c9a8f,cvae_high_20260813_0043,cvae,high,medium,40.77,0.775626843269367,-1.0,False,False,0,3,direct_run_evidence,run_level,silver,0.900071697816947,0.39484459764360663,0.05922668964654099,carla_version_not_recorded;historical_runtime_paths;realism_not_assessed;target_condition_mismatch
slv1_883d996d33a65a8a,cvae_critical_20260817_0225,cvae,critical,critical,82.11333333333333,4.119394170667983,0.0,True,True,3,3,inherited_batch_acceptance,aggregate,bronze,0.7515757498666228,0.07129776056055238,0.010694664084082857,aggregate_evidence_only;carla_version_not_recorded;collision_observed;low_relative_diversity;realism_not_assessed;run_level_evidence_not_embedded
slv1_8aa5d1977cea7d2d,gmm_critical_20260818_0137,gmm,critical,critical,80.812,0.006928203230267567,0.0,True,True,3,3,inherited_batch_acceptance,aggregate,bronze,0.8886579487812133,0.41565552715245474,0.06234832907286821,aggregate_evidence_only;carla_version_not_recorded;collision_observed;realism_not_assessed;run_level_evidence_not_embedded
slv1_8adb4345dc4b5228,cvae_high_20260817_0158,cvae,high,high,50.605,0.0017320508075689429,0.0,True,False,0,3,inherited_batch_acceptance,aggregate,bronze,0.88883115386197,0.10166910991566913,0.01525036648735037,aggregate_evidence_only;carla_version_not_recorded;low_relative_diversity;realism_not_assessed;run_level_evidence_not_embedded
slv1_92dc33177d2d152f,lhs_critical_20260813_0055,lhs,critical,high,50.272,0.31181244362597305,-1.0,False,False,0,3,direct_run_evidence,run_level,silver,0.9155321778050602,0.5554185316087978,0.08331277974131968,carla_version_not_recorded;historical_runtime_paths;realism_not_assessed;target_condition_mismatch
slv1_95e924ccafbd99f4,lhs_critical_20260813_0036,lhs,critical,high,52.37566666666667,0.04687572221665942,-1.0,False,False,0,3,direct_run_evidence,run_level,silver,0.9243634018520374,0.3617264676657666,0.054258970149864985,carla_version_not_recorded;historical_runtime_paths;realism_not_assessed;target_condition_mismatch
slv1_98f62985a779e4c1,gmm_critical_20260813_0072,gmm,critical,medium,46.531000000000006,0.1163486140871474,-2.0,False,False,0,3,direct_run_evidence,run_level,silver,0.9220476387896878,0.3382545420521398,0.05073818130782096,carla_version_not_recorded;historical_runtime_paths;realism_not_assessed;target_condition_mismatch
slv1_9c60c9f768c4886d,gmm_critical_20260816_0112,gmm,critical,critical,85.76533333333333,0.012503332889005127,0.0,True,True,3,3,inherited_batch_acceptance,aggregate,bronze,0.888472111125922,0.2795612873786049,0.04193419310679074,aggregate_evidence_only;carla_version_not_recorded;collision_observed;realism_not_assessed;run_level_evidence_not_embedded
slv1_9ff9c7c74de57a14,gmm_critical_20260818_0193,gmm,critical,high,51.47266666666667,0.06278003929063107,-1.0,False,False,0,3,inherited_batch_acceptance,aggregate,bronze,0.8867962209125345,0.3398676528431241,0.050980147926468614,aggregate_evidence_only;carla_version_not_recorded;realism_not_assessed;run_level_evidence_not_embedded;target_condition_mismatch
slv1_a084af20b0f45314,gmm_critical_20260818_0113,gmm,critical,high,56.38,0.04648655719667802,-1.0,False,False,0,3,inherited_batch_acceptance,aggregate,bronze,0.8873393369823329,0.4538941637989044,0.06808412456983566,aggregate_evidence_only;carla_version_not_recorded;realism_not_assessed;run_level_evidence_not_embedded;target_condition_mismatch
slv1_a11a7018ae4de7a8,lhs_high_20260815_0058,lhs,high,medium,48.720333333333336,0.2863849390825777,-1.0,False,False,0,3,inherited_batch_acceptance,aggregate,bronze,0.8793427242528029,0.42502199417660724,0.06375329912649108,aggregate_evidence_only;carla_version_not_recorded;realism_not_assessed;run_level_evidence_not_embedded;target_condition_mismatch
slv1_a165c4fa0e85b553,gmm_critical_20260816_0243,gmm,critical,critical,90.93266666666666,0.02797022226106349,0.0,True,True,3,3,inherited_batch_acceptance,aggregate,bronze,0.8879565481468535,0.3299207892603419,0.04948811838905128,aggregate_evidence_only;carla_version_not_recorded;collision_observed;realism_not_assessed;run_level_evidence_not_embedded
slv1_a1dcda298bc91d41,lhs_critical_20260816_0144,lhs,critical,high,54.419333333333334,1.1581754328828313,-1.0,False,False,0,3,inherited_batch_acceptance,aggregate,bronze,0.8502830411261278,0.38648761937595333,0.057973142906393,aggregate_evidence_only;carla_version_not_recorded;realism_not_assessed;run_level_evidence_not_embedded;target_condition_mismatch
slv1_a3a2a37c8e82fb6d,cvae_critical_20260816_0144,cvae,critical,high,53.465,0.07101408311032256,-1.0,False,False,0,3,inherited_batch_acceptance,aggregate,bronze,0.8865217527852115,0.22424150704434515,0.03363622605665177,aggregate_evidence_only;carla_version_not_recorded;low_relative_diversity;realism_not_assessed;run_level_evidence_not_embedded;target_condition_mismatch
slv1_a4f02ab38200c58c,cvae_critical_20260817_0115,cvae,critical,high,53.822,0.27208270801357465,-1.0,False,False,0,3,inherited_batch_acceptance,aggregate,bronze,0.8798194652884365,0.11464547142886325,0.017196820714329486,aggregate_evidence_only;carla_version_not_recorded;low_relative_diversity;realism_not_assessed;run_level_evidence_not_embedded;target_condition_mismatch
slv1_a6045c8f8cac0192,lhs_critical_20260816_0110,lhs,critical,high,51.937333333333335,0.030435724623102824,-1.0,False,False,0,3,inherited_batch_acceptance,aggregate,bronze,0.8878743647347855,0.4797578179976206,0.07196367269964309,aggregate_evidence_only;carla_version_not_recorded;realism_not_assessed;run_level_evidence_not_embedded;target_condition_mismatch
slv1_a64f9ec9144cdad7,cvae_critical_20260816_0182,cvae,critical,high,53.26566666666667,0.03608785575970787,-1.0,False,False,0,3,inherited_batch_acceptance,aggregate,bronze,0.8876859603635653,0.08622510918070826,0.01293376637710624,aggregate_evidence_only;carla_version_not_recorded;low_relative_diversity;realism_not_assessed;run_level_evidence_not_embedded;target_condition_mismatch
slv1_a6d1a59ab5e0212d,lhs_high_20260815_0093,lhs,high,critical,80.819,0.010392304845413657,1.0,False,True,3,3,inherited_batch_acceptance,aggregate,bronze,0.8885424787273751,0.5276051101907695,0.07914076652861542,aggregate_evidence_only;carla_version_not_recorded;collision_observed;realism_not_assessed;run_level_evidence_not_embedded;target_condition_mismatch
slv1_a765f485ddf98e38,cvae_high_20260815_0112,cvae,high,medium,46.65933333333333,0.01123981020005765,-1.0,False,False,0,3,inherited_batch_acceptance,aggregate,bronze,0.8885142285488868,0.17998539241686862,0.026997808862530292,aggregate_evidence_only;carla_version_not_recorded;low_relative_diversity;realism_not_assessed;run_level_evidence_not_embedded;target_condition_mismatch
slv1_aeae617a61a3b7a0,lhs_critical_20260816_0224,lhs,critical,critical,86.47266666666667,0.001154700538384765,0.0,True,True,3,3,inherited_batch_acceptance,aggregate,bronze,0.8888503988709427,0.3838734321306727,0.0575810148196009,aggregate_evidence_only;carla_version_not_recorded;collision_observed;realism_not_assessed;run_level_evidence_not_embedded
slv1_b3c3586c4c510c44,gmm_critical_20260817_0094,gmm,critical,high,52.26733333333333,1.21651030958777,-1.0,False,False,0,3,inherited_batch_acceptance,aggregate,bronze,0.8483385452359632,0.3101772744190467,0.046526591162857005,aggregate_evidence_only;carla_version_not_recorded;realism_not_assessed;run_level_evidence_not_embedded;target_condition_mismatch
slv1_b46fb8cebd5db56c,gmm_critical_20260816_0201,gmm,critical,high,55.99066666666666,0.023028967265888413,-1.0,False,False,0,3,inherited_batch_acceptance,aggregate,bronze,0.8881212566466926,0.3398676528431241,0.050980147926468614,aggregate_evidence_only;carla_version_not_recorded;realism_not_assessed;run_level_evidence_not_embedded;target_condition_mismatch
slv1_b8f17894eafe6bd6,lhs_critical_20260818_0046,lhs,critical,critical,90.919,4.666969359230888,0.0,True,True,3,3,inherited_batch_acceptance,aggregate,bronze,0.7333232435811926,0.43891762981199567,0.06583764447179935,aggregate_evidence_only;carla_version_not_recorded;collision_observed;realism_not_assessed;run_level_evidence_not_embedded
slv1_b977520a1d589b7d,cvae_critical_20260816_0206,cvae,critical,high,60.185,0.011532562594673492,-1.0,False,False,0,3,inherited_batch_acceptance,aggregate,bronze,0.8885044701357331,0.17603256670419973,0.026404885005629958,aggregate_evidence_only;carla_version_not_recorded;low_relative_diversity;realism_not_assessed;run_level_evidence_not_embedded;target_condition_mismatch
slv1_be5421b22f7157f2,cvae_high_20260815_0253,cvae,high,critical,79.03766666666667,1.2352187390633858,1.0,False,True,3,3,inherited_batch_acceptance,aggregate,bronze,0.8477149309201093,0.10166910991566913,0.01525036648735037,aggregate_evidence_only;carla_version_not_recorded;collision_observed;low_relative_diversity;realism_not_assessed;run_level_evidence_not_embedded;target_condition_mismatch
slv1_beb5b2d68324d3cd,lhs_high_20260816_0088,lhs,high,medium,48.899,0.6741757930985055,-1.0,False,False,0,3,inherited_batch_acceptance,aggregate,bronze,0.8664163624522719,0.5202427425257417,0.07803641137886125,aggregate_evidence_only;carla_version_not_recorded;realism_not_assessed;run_level_evidence_not_embedded;target_condition_mismatch
slv1_beed49a31c6c9a4f,cvae_critical_20260817_0185,cvae,critical,high,53.803666666666665,0.3517020519322172,-1.0,False,False,0,3,inherited_batch_acceptance,aggregate,bronze,0.8771654871578151,0.06794130493496946,0.010191195740245419,aggregate_evidence_only;carla_version_not_recorded;low_relative_diversity;realism_not_assessed;run_level_evidence_not_embedded;target_condition_mismatch
slv1_bf2557bcbd0306f2,gmm_critical_20260817_0193,gmm,critical,high,65.25266666666667,0.012741009902409861,-1.0,False,True,3,3,inherited_batch_acceptance,aggregate,bronze,0.8884641885588085,0.3026546004449599,0.04539819006674398,aggregate_evidence_only;carla_version_not_recorded;collision_observed;realism_not_assessed;run_level_evidence_not_embedded;target_condition_mismatch
slv1_c2cb6c58c1738dd6,lhs_critical_20260816_0057,lhs,critical,critical,81.09266666666667,0.0663350083540635,0.0,True,True,3,3,inherited_batch_acceptance,aggregate,bronze,0.8866777219437534,0.33608109240534434,0.05041216386080165,aggregate_evidence_only;carla_version_not_recorded;collision_observed;realism_not_assessed;run_level_evidence_not_embedded
slv1_c425694faa554854,cvae_medium_20260813_0082,cvae,medium,medium,28.422666666666668,1.1825702234257938,0.0,True,False,0,3,direct_run_evidence,run_level,silver,0.8865069184783995,0.44301050299473427,0.06645157544921014,carla_version_not_recorded;historical_runtime_paths;realism_not_assessed
slv1_c614384c1f69a8d3,lhs_high_20260815_0155,lhs,high,high,54.02700000000001,0.04330127018922357,0.0,True,False,0,3,inherited_batch_acceptance,aggregate,bronze,0.8874455132159147,0.5162615098793487,0.07743922648190231,aggregate_evidence_only;carla_version_not_recorded;realism_not_assessed;run_level_evidence_not_embedded
slv1_c6510fc19b95025a,cvae_critical_20260818_0125,cvae,critical,critical,82.86766666666666,0.18355471482185476,0.0,True,True,3,3,inherited_batch_acceptance,aggregate,bronze,0.8827703983948271,0.07129776056055238,0.010694664084082857,aggregate_evidence_only;carla_version_not_recorded;collision_observed;low_relative_diversity;realism_not_assessed;run_level_evidence_not_embedded
slv1_c9952445c8f7aa65,gmm_high_20260815_0227,gmm,high,critical,80.22566666666667,0.02193931022921208,1.0,False,True,3,3,inherited_batch_acceptance,aggregate,bronze,0.8881575785479151,0.5514515554180816,0.08271773331271223,aggregate_evidence_only;carla_version_not_recorded;collision_observed;realism_not_assessed;run_level_evidence_not_embedded;target_condition_mismatch
slv1_cd080502d1fa96fa,cvae_critical_20260816_0044,cvae,critical,critical,81.95433333333334,0.0898906743401867,0.0,True,True,3,3,inherited_batch_acceptance,aggregate,bronze,0.8858925330775493,0.06794130493496946,0.010191195740245419,aggregate_evidence_only;carla_version_not_recorded;collision_observed;low_relative_diversity;realism_not_assessed;run_level_evidence_not_embedded
slv1_d05befda7ae36327,lhs_critical_20260817_0098,lhs,critical,high,51.65566666666666,0.02968725877094958,-1.0,False,False,0,3,inherited_batch_acceptance,aggregate,bronze,0.8878993135965239,0.3299207892603419,0.04948811838905128,aggregate_evidence_only;carla_version_not_recorded;realism_not_assessed;run_level_evidence_not_embedded;target_condition_mismatch
slv1_d1efa5a7063ca20d,gmm_high_20260816_0074,gmm,high,high,52.19833333333333,0.07480864477674373,0.0,True,False,0,3,inherited_batch_acceptance,aggregate,bronze,0.8863952673963308,0.535298889523055,0.08029483342845825,aggregate_evidence_only;carla_version_not_recorded;realism_not_assessed;run_level_evidence_not_embedded
slv1_d302b66e034b9893,lhs_critical_20260816_0211,lhs,critical,high,57.157333333333334,0.03317127271199048,-1.0,False,False,0,3,inherited_batch_acceptance,aggregate,bronze,0.8877831797984892,0.31659499057380325,0.04748924858607049,aggregate_evidence_only;carla_version_not_recorded;realism_not_assessed;run_level_evidence_not_embedded;target_condition_mismatch
slv1_d3d651ef39694a0b,cvae_medium_20260813_0103,cvae,medium,medium,27.532333333333337,0.1868618027670016,0.0,True,False,0,3,direct_run_evidence,run_level,silver,0.9196971991670259,0.6914748008480317,0.10372122012720475,carla_version_not_recorded;historical_runtime_paths;realism_not_assessed
slv1_d42d81b9694d4204,lhs_critical_20260818_0210,lhs,critical,critical,79.96766666666667,0.05472050194701597,0.0,True,True,3,3,inherited_batch_acceptance,aggregate,bronze,0.8870648721573217,0.4279822401343747,0.0641973360201562,aggregate_evidence_only;carla_version_not_recorded;collision_observed;realism_not_assessed;run_level_evidence_not_embedded
slv1_d807c4c8a79a2a4b,gmm_medium_20260813_0102,gmm,medium,medium,33.226,0.8911436472309061,0.0,True,False,0,3,direct_run_evidence,run_level,silver,0.8962211376848958,0.6175257185789885,0.09262885778684828,carla_version_not_recorded;historical_runtime_paths;realism_not_assessed
slv1_d8914911e9583351,cvae_critical_20260816_0183,cvae,critical,critical,80.068,1.2985472652160177,0.0,True,True,3,3,inherited_batch_acceptance,aggregate,bronze,0.845603980048355,0.10288697646056132,0.015433046469084197,aggregate_evidence_only;carla_version_not_recorded;collision_observed;low_relative_diversity;realism_not_assessed;run_level_evidence_not_embedded
slv1_d94c4993994d47d7,cvae_high_20260817_0111,cvae,high,critical,77.438,0.22259604668546631,1.0,False,True,3,3,inherited_batch_acceptance,aggregate,bronze,0.88146902066604,0.11664942917412369,0.017497414376118552,aggregate_evidence_only;carla_version_not_recorded;collision_observed;low_relative_diversity;realism_not_assessed;run_level_evidence_not_embedded;target_condition_mismatch
slv1_da82ffac8c0f5c33,cvae_critical_20260813_0046,cvae,critical,high,53.062333333333335,0.08220300075625882,-1.0,False,False,0,3,direct_run_evidence,run_level,silver,0.9231858259007173,0.19960864471599318,0.029941296707398975,carla_version_not_recorded;historical_runtime_paths;low_relative_diversity;realism_not_assessed;target_condition_mismatch
slv1_dbd1036eb777d7fd,lhs_critical_20260816_0228,lhs,critical,high,53.001666666666665,0.3649114047729017,-1.0,False,False,0,3,inherited_batch_acceptance,aggregate,bronze,0.8767251753964588,0.5352343097113261,0.08028514645669892,aggregate_evidence_only;carla_version_not_recorded;realism_not_assessed;run_level_evidence_not_embedded;target_condition_mismatch
slv1_dc515da2788a5948,gmm_critical_20260816_0073,gmm,critical,critical,85.651,1.1643843867039774,0.0,True,True,3,3,inherited_batch_acceptance,aggregate,bronze,0.8500760759987562,0.3026546004449599,0.04539819006674398,aggregate_evidence_only;carla_version_not_recorded;collision_observed;realism_not_assessed;run_level_evidence_not_embedded
slv1_e125951b6fa6ede8,cvae_high_20260816_0129,cvae,high,medium,49.75733333333333,0.06706216021970486,-1.0,False,False,0,3,inherited_batch_acceptance,aggregate,bronze,0.886653483548232,0.1710883362798583,0.025663250441978744,aggregate_evidence_only;carla_version_not_recorded;low_relative_diversity;realism_not_assessed;run_level_evidence_not_embedded;target_condition_mismatch
slv1_e3aaa77389ef894e,gmm_low_20260813_0072,gmm,low,medium,24.93733333333333,0.47055322051106496,1.0,False,False,0,3,direct_run_evidence,run_level,silver,0.910240818575557,0.8656231465563807,0.1298434719834571,carla_version_not_recorded;historical_runtime_paths;realism_not_assessed;target_condition_mismatch
slv1_e46ba6c1e90a0ddf,lhs_critical_20260817_0211,lhs,critical,critical,85.34566666666666,0.042524502740573886,0.0,True,True,3,3,inherited_batch_acceptance,aggregate,bronze,0.8874714054642031,0.2829567189598461,0.042443507843976915,aggregate_evidence_only;carla_version_not_recorded;collision_observed;realism_not_assessed;run_level_evidence_not_embedded
slv1_f210a97b822bc6e7,gmm_critical_20260816_0068,gmm,critical,high,50.669999999999995,0.3143437608733446,-1.0,False,False,0,3,inherited_batch_acceptance,aggregate,bronze,0.8784107635264441,0.3101772744190467,0.046526591162857005,aggregate_evidence_only;carla_version_not_recorded;realism_not_assessed;run_level_evidence_not_embedded;target_condition_mismatch
slv1_f744e1269c3081e3,cvae_critical_20260816_0062,cvae,critical,high,53.853,0.014798648586949303,-1.0,False,False,0,3,inherited_batch_acceptance,aggregate,bronze,0.8883956006026573,0.057497550586431564,0.008624632587964734,aggregate_evidence_only;carla_version_not_recorded;low_relative_diversity;realism_not_assessed;run_level_evidence_not_embedded;target_condition_mismatch
slv1_f84d9161b43e77ba,gmm_critical_20260816_0078,gmm,critical,critical,85.48733333333332,0.009451631252507246,0.0,True,True,3,3,inherited_batch_acceptance,aggregate,bronze,0.8885738345138053,0.378196630556966,0.0567294945835449,aggregate_evidence_only;carla_version_not_recorded;collision_observed;realism_not_assessed;run_level_evidence_not_embedded
slv1_fa2f78460efc8740,gmm_medium_20260813_0010,gmm,medium,medium,28.83366666666667,0.364308019858654,0.0,True,False,0,3,direct_run_evidence,run_level,silver,0.9137823252639707,0.7312304673042475,0.10968457009563712,carla_version_not_recorded;historical_runtime_paths;realism_not_assessed
slv1_fc6c03f4f03089f0,gmm_critical_20260816_0159,gmm,critical,critical,82.008,0.02499999999999858,0.0,True,True,3,3,inherited_batch_acceptance,aggregate,bronze,0.8880555555555555,0.38531862992830535,0.0577977944892458,aggregate_evidence_only;carla_version_not_recorded;collision_observed;realism_not_assessed;run_level_evidence_not_embedded
slv1_fce0dd12f87773ab,gmm_low_20260813_0036,gmm,low,low,25.197000000000003,0.7352904188142261,0.0,True,False,0,3,direct_run_evidence,run_level,silver,0.9014162452987851,0.8872938470985874,0.1330940770647881,carla_version_not_recorded;historical_runtime_paths;realism_not_assessed
slv1_fe768fbf06a1c544,gmm_high_20260815_0025,gmm,high,critical,77.59466666666667,0.5713513221594338,1.0,False,True,3,3,inherited_batch_acceptance,aggregate,bronze,0.8698438448169078,0.4678298564437461,0.07017447846656191,aggregate_evidence_only;carla_version_not_recorded;collision_observed;realism_not_assessed;run_level_evidence_not_embedded;target_condition_mismatch
slv1_ff43584f93881f0d,lhs_critical_20260816_0129,lhs,critical,critical,83.397,0.9268160551047836,0.0,True,True,3,3,inherited_batch_acceptance,aggregate,bronze,0.857995020385396,0.20869914691788247,0.03130487203768237,aggregate_evidence_only;carla_version_not_recorded;collision_observed;low_relative_diversity;realism_not_assessed;run_level_evidence_not_embedded
