sample_id,generator,target_risk_level,generator_target_cell,repeat_count,traffic_manager_seeds,observed_risk_score_mean,observed_risk_score_std,observed_risk_score_min,observed_risk_score_max,observed_risk_level_mode,observed_risk_level_consistency,collision_run_rate,collision_event_total,minimum_ttc_seconds_min,minimum_lead_gap_m_min,minimum_pedestrian_distance_m_min,parameter_weather_cloudiness,parameter_weather_precipitation,parameter_weather_precipitation_deposits,parameter_weather_wind_intensity,parameter_weather_fog_density,parameter_weather_fog_distance,parameter_weather_sun_altitude_angle,parameter_weather_wetness,parameter_lead_vehicle_initial_distance_m,parameter_lead_vehicle_brake_trigger_seconds,parameter_lead_vehicle_brake_intensity,parameter_pedestrian_forward_distance_m,parameter_pedestrian_roadside_offset_m,parameter_pedestrian_trigger_seconds,parameter_pedestrian_speed_mps,feature_01_weather_cloudiness,feature_02_weather_precipitation,feature_03_weather_precipitation_deposits,feature_04_weather_wind_intensity,feature_05_weather_fog_density,feature_06_weather_fog_distance,feature_07_weather_sun_altitude_angle,feature_08_weather_wetness,feature_09_lead_vehicle_initial_distance_m,feature_10_lead_vehicle_brake_trigger_seconds,feature_11_lead_vehicle_brake_intensity,feature_12_pedestrian_forward_distance_m,feature_13_pedestrian_roadside_offset_m,feature_14_pedestrian_trigger_seconds,feature_15_pedestrian_speed_mps
cvae_critical_20260813_0030,cvae,critical,cvae__critical,3,"20260821,20260822,20260823",46.97633333333333,0.8245619038818934,46.29,47.891,medium,1.0,0.0,0,1.625,3.949,6.116,94.764,92.943,91.4,88.92,93.722,5.03,-21.993,93.09,15.791,3.436,0.98,26.544,6.786,2.582,6.616,0.9194461538461538,0.9117875,0.8925000000000001,0.8833684210526316,0.9261411764705881,0.0356140350877193,0.16014000000000003,0.9012857142857144,0.11150000000000002,0.08833333333333335,0.9555555555555555,0.3164444444444445,0.4464999999999999,0.1371929824561403,0.7693333333333333
cvae_critical_20260813_0042,cvae,critical,cvae__critical,3,"20260821,20260822,20260823",48.01533333333333,1.1302797588797793,47.197,49.305,medium,1.0,0.0,0,1.509,3.886,5.913,95.475,93.942,92.017,84.799,94.828,5.159,-26.099,93.627,15.929,3.477,0.98,26.685,6.101,2.478,7.033,0.9303846153846153,0.924275,0.9002125,0.8399894736842106,0.9391529411764706,0.037877192982456134,0.07801999999999999,0.9089571428571428,0.11555882352941177,0.09402777777777778,0.9555555555555555,0.3216666666666666,0.27525,0.11894736842105265,0.8388333333333334
cvae_critical_20260813_0046,cvae,critical,cvae__critical,3,"20260821,20260822,20260823",53.062333333333335,0.08220300075625882,52.977,53.141,high,1.0,0.0,0,1.723,4.335,3.255,96.359,93.973,93.516,80.143,94.795,5.431,-21.544,93.957,15.881,3.552,0.975,23.906,5.434,2.453,6.921,0.9439846153846153,0.9246624999999999,0.91895,0.7909789473684211,0.938764705882353,0.04264912280701755,0.16912,0.9136714285714285,0.11414705882352942,0.10444444444444448,0.9444444444444444,0.2187407407407407,0.10850000000000004,0.11456140350877189,0.8201666666666667
cvae_high_20260813_0033,cvae,high,cvae__high,3,"20260821,20260822,20260823",45.74666666666666,0.4374669511326931,45.242,46.018,medium,1.0,0.0,0,1.175,4.297,5.229,93.539,89.683,88.866,60.785,77.304,15.357,-19.179,86.685,22.217,5.402,0.926,22.577,6.81,3.037,5.53,0.9006000000000001,0.8710375000000001,0.860825,0.5872105263157894,0.7329882352941177,0.2167894736842105,0.21642000000000003,0.8097857142857143,0.3005,0.3613888888888889,0.8355555555555556,0.1695185185185186,0.4524999999999999,0.21701754385964908,0.5883333333333334
cvae_high_20260813_0043,cvae,high,cvae__high,3,"20260821,20260822,20260823",40.77,0.775626843269367,40.013,41.563,medium,1.0,0.0,0,1.344,4.005,9.545,90.373,82.568,82.963,58.997,80.368,15.03,-6.494,84.352,24.254,5.626,0.888,23.785,7.804,3.918,4.936,0.8518923076923077,0.7821,0.7870375,0.5683894736842106,0.769035294117647,0.21105263157894735,0.47012,0.776457142857143,0.3604117647058824,0.39250000000000007,0.7511111111111111,0.21425925925925926,0.7010000000000001,0.3715789473684211,0.48933333333333334
cvae_high_20260813_0067,cvae,high,cvae__high,3,"20260821,20260822,20260823",42.74,0.02511971337416194,42.711,42.755,medium,1.0,0.0,0,1.181,4.504,9.068,94.445,85.601,87.932,54.351,78.136,12.513,-12.84,85.068,22.906,5.354,0.906,21.262,7.532,3.581,5.095,0.9145384615384614,0.8200125,0.8491500000000001,0.5194842105263158,0.7427764705882353,0.16689473684210526,0.3432,0.7866857142857142,0.3207647058823529,0.35472222222222227,0.7911111111111111,0.12081481481481483,0.633,0.31245614035087715,0.5158333333333333
cvae_low_20260813_0001,cvae,low,cvae__low,3,"20260821,20260822,20260823",25.207666666666668,1.2082319037888931,24.256,26.567,low,0.6666666666666666,0.0,0,1.529,3.912,10.675,53.232,41.623,39.258,20.565,23.056,42.36,7.383,42.02,41.842,9.167,0.763,34.834,7.559,5.514,2.64,0.2804923076923077,0.27028749999999996,0.24072500000000002,0.1638421052631579,0.09477647058823531,0.6905263157894737,0.7476600000000001,0.17171428571428576,0.8777058823529411,0.8843055555555556,0.47333333333333333,0.6234814814814816,0.63975,0.6515789473684211,0.10666666666666669
cvae_low_20260813_0034,cvae,low,cvae__low,3,"20260821,20260822,20260823",24.413666666666668,0.4834297604961187,24.002,24.946,low,1.0,0.0,0,1.688,4.051,11.283,58.826,35.961,32.797,25.753,20.925,50.491,9.918,46.553,38.288,8.659,0.625,36.682,8.509,6.313,2.551,0.3665538461538462,0.19951249999999998,0.15996249999999995,0.21845263157894737,0.06970588235294119,0.8331754385964912,0.79836,0.23647142857142853,0.7731764705882352,0.8137500000000001,0.16666666666666657,0.691925925925926,0.8772500000000001,0.7917543859649122,0.09183333333333336
cvae_low_20260813_0115,cvae,low,cvae__low,3,"20260821,20260822,20260823",23.761666666666667,0.33091590069583177,23.393,24.033,low,1.0,0.0,0,1.672,4.437,11.054,51.233,38.689,36.015,22.663,21.8,43.526,8.906,43.892,41.368,9.161,0.68,37.603,7.853,6.168,2.586,0.2497384615384615,0.2336125,0.20018750000000002,0.1859263157894737,0.08,0.7109824561403509,0.7781199999999999,0.1984571428571429,0.863764705882353,0.8834722222222222,0.2888888888888889,0.7260370370370371,0.7132499999999999,0.7663157894736843,0.09766666666666664
cvae_medium_20260813_0061,cvae,medium,cvae__medium,3,"20260821,20260822,20260823",26.521333333333335,0.9443571005363033,25.469,27.295,medium,1.0,0.0,0,1.592,4.269,8.784,79.275,63.108,55.157,49.805,58.915,26.391,7.734,78.091,31.123,6.553,0.738,37.225,7.425,5.297,3.493,0.6811538461538462,0.5388499999999999,0.4394625,0.4716315789473684,0.5166470588235293,0.41036842105263155,0.75468,0.6870142857142856,0.5624411764705882,0.52125,0.4177777777777777,0.7120370370370371,0.60625,0.6135087719298246,0.24883333333333332
cvae_medium_20260813_0082,cvae,medium,cvae__medium,3,"20260821,20260822,20260823",28.422666666666668,1.1825702234257938,27.059,29.166,medium,1.0,0.0,0,1.502,4.047,9.26,80.566,68.01,64.467,41.14,57.384,21.81,6.061,74.703,32.631,6.498,0.793,34.984,7.124,5.179,3.529,0.7010153846153847,0.600125,0.5558375,0.38042105263157894,0.49863529411764707,0.32999999999999996,0.72122,0.6386142857142858,0.6067941176470588,0.5136111111111111,0.54,0.6290370370370371,0.5309999999999999,0.5928070175438597,0.2548333333333333
cvae_medium_20260813_0103,cvae,medium,cvae__medium,3,"20260821,20260822,20260823",27.532333333333334,0.18686180276700157,27.319,27.667,medium,1.0,0.0,0,1.684,4.401,10.227,63.774,57.236,47.473,66.767,62.431,28.759,4.419,74.516,30.427,6.779,0.71,31.45,7.955,4.961,3.914,0.4426769230769231,0.46545,0.3434125,0.650178947368421,0.5580117647058823,0.4519122807017544,0.68838,0.6359428571428573,0.5419705882352941,0.5526388888888889,0.3555555555555554,0.4981481481481481,0.73875,0.554561403508772,0.319
gmm_critical_20260813_0004,gmm,critical,gmm__critical,3,"20260821,20260822,20260823",85.42566666666667,0.01266227994214712,85.416,85.44,critical,1.0,1.0,18,1.022,4.59,1.589,97.934,94.694,93.394,81.815,93.945,3.303,-9.077,92.715,18.175,3.758,0.975,23.809,5.456,2.586,7.105,0.9682153846153846,0.933675,0.917425,0.8085789473684211,0.9287647058823528,0.0053157894736842095,0.41846000000000005,0.8959285714285715,0.18161764705882355,0.13305555555555557,0.9444444444444444,0.2151481481481482,0.1140000000000001,0.13789473684210524,0.8508333333333334
gmm_critical_20260813_0067,gmm,critical,gmm__critical,3,"20260821,20260822,20260823",79.342,0.2217363299055828,79.135,79.576,critical,1.0,1.0,3,1.461,4.63,2.679,92.455,91.345,98.372,91.54,91.421,7.703,-26.109,100.0,17.27,3.697,0.959,26.765,6.755,2.621,7.262,0.8839230769230769,0.8918125,0.97965,0.9109473684210527,0.8990705882352942,0.08250877192982457,0.07781999999999996,1.0,0.155,0.12458333333333337,0.9088888888888887,0.32462962962962966,0.43875,0.14403508771929824,0.8769999999999999
gmm_critical_20260813_0072,gmm,critical,gmm__critical,3,"20260821,20260822,20260823",46.531,0.1163486140871474,46.402,46.628,medium,1.0,0.0,0,1.694,4.699,5.533,97.651,91.37,93.512,77.794,92.723,4.566,-17.064,88.338,15.786,3.352,0.967,24.894,6.233,2.095,7.03,0.9638615384615384,0.8921250000000001,0.9189,0.7662526315789473,0.9143882352941176,0.027473684210526313,0.25872,0.8333999999999999,0.11135294117647057,0.07666666666666667,0.9266666666666666,0.25533333333333325,0.3082499999999999,0.0517543859649123,0.8383333333333334
gmm_high_20260813_0005,gmm,high,gmm__high,3,"20260821,20260822,20260823",44.719,0.08664294547163043,44.657,44.818,medium,1.0,0.0,0,1.491,4.157,5.233,95.48,90.025,86.469,70.035,80.403,7.317,-1.094,84.87,26.698,5.12,0.941,26.915,6.411,3.542,5.452,0.9304615384615386,0.8753125,0.8308625,0.6845789473684211,0.7694470588235295,0.07573684210526316,0.57812,0.7838571428571429,0.43229411764705883,0.32222222222222224,0.8688888888888887,0.33018518518518514,0.3527499999999999,0.3056140350877192,0.5753333333333334
gmm_high_20260813_0049,gmm,high,gmm__high,3,"20260821,20260822,20260823",44.082,0.49665581643629264,43.509,44.389,medium,1.0,0.0,0,1.205,4.539,4.233,86.574,87.03,74.068,86.961,68.036,12.763,-25.004,91.827,22.401,4.79,0.963,33.098,7.745,4.071,4.867,0.7934461538461538,0.837875,0.67585,0.8627473684210526,0.6239529411764706,0.17128070175438595,0.09991999999999997,0.8832428571428571,0.3059117647058823,0.2763888888888889,0.9177777777777777,0.5591851851851851,0.68625,0.3984210526315789,0.47783333333333333
gmm_high_20260813_0079,gmm,high,gmm__high,3,"20260821,20260822,20260823",78.97833333333332,0.06627468093724276,78.907,79.038,critical,1.0,1.0,18,1.261,4.65,1.651,88.827,91.783,81.942,77.953,85.017,13.67,-17.463,84.619,20.031,6.209,0.975,29.001,7.055,2.91,5.16,0.8281076923076923,0.8972875,0.7742749999999999,0.7679263157894737,0.8237294117647058,0.18719298245614036,0.25073999999999996,0.7802714285714286,0.23620588235294115,0.4734722222222222,0.9444444444444444,0.4074444444444445,0.5137499999999999,0.19473684210526318,0.5266666666666667
gmm_low_20260813_0012,gmm,low,gmm__low,3,"20260821,20260822,20260823",24.410666666666668,0.8785672047904666,23.401,25.001,low,0.6666666666666666,0.0,0,1.486,4.266,13.216,51.869,24.73,43.937,28.073,27.225,41.582,16.609,37.916,33.391,8.515,0.735,37.643,7.499,6.908,2.911,0.2595230769230769,0.059125000000000004,0.2992125,0.24287368421052632,0.1438235294117647,0.6768771929824562,0.93218,0.11308571428571423,0.6291470588235294,0.7937500000000001,0.41111111111111104,0.7275185185185186,0.6247499999999999,0.896140350877193,0.15183333333333335
gmm_low_20260813_0036,gmm,low,gmm__low,3,"20260821,20260822,20260823",25.197,0.7352904188142261,24.591,26.015,low,0.6666666666666666,0.0,0,1.517,4.51,8.774,43.456,24.661,53.228,28.589,42.012,28.25,13.634,45.287,38.106,7.898,0.699,45.0,7.641,6.001,3.182,0.13009230769230773,0.058262500000000016,0.41535,0.24830526315789472,0.31778823529411765,0.44298245614035087,0.87268,0.21838571428571427,0.7678235294117648,0.7080555555555555,0.33111111111111097,1.0,0.66025,0.7370175438596492,0.19699999999999998
gmm_low_20260813_0072,gmm,low,gmm__low,3,"20260821,20260822,20260823",24.937333333333335,0.47055322051106496,24.397,25.257,medium,0.6666666666666666,0.0,0,1.686,4.032,11.366,73.72,20.0,38.349,29.849,38.49,44.175,6.244,42.114,43.287,8.155,0.61,38.433,7.593,6.607,2.247,0.5956923076923076,0.0,0.22936249999999997,0.26156842105263156,0.27635294117647063,0.7223684210526315,0.72488,0.17305714285714283,0.9202058823529411,0.7437499999999999,0.13333333333333322,0.7567777777777778,0.64825,0.8433333333333334,0.04116666666666665
gmm_medium_20260813_0010,gmm,medium,gmm__medium,3,"20260821,20260822,20260823",28.833666666666666,0.36430801985865396,28.413,29.044,medium,1.0,0.0,0,1.684,4.603,10.059,77.05,64.057,67.885,67.412,61.334,17.94,5.841,76.723,31.295,6.28,0.859,30.541,7.842,4.907,3.89,0.6469230769230769,0.5507125,0.5985625000000001,0.6569684210526316,0.5451058823529412,0.2621052631578948,0.71682,0.6674714285714286,0.5675,0.4833333333333334,0.6866666666666666,0.4644814814814815,0.7104999999999999,0.5450877192982456,0.315
gmm_medium_20260813_0077,gmm,medium,gmm__medium,3,"20260821,20260822,20260823",28.415,0.08496469855181156,28.362,28.513,medium,1.0,0.0,0,1.496,4.577,8.64,64.594,65.485,59.028,67.191,60.137,29.696,2.655,67.99,29.041,8.131,0.745,32.572,6.87,4.844,3.963,0.4552923076923076,0.5685625,0.48785,0.6546421052631579,0.5310235294117647,0.46835087719298246,0.6531,0.5427142857142856,0.5012058823529412,0.7404166666666667,0.4333333333333333,0.5397037037037038,0.4675,0.5340350877192983,0.32716666666666666
gmm_medium_20260813_0102,gmm,medium,gmm__medium,3,"20260821,20260822,20260823",33.226,0.8911436472309061,32.709,34.255,medium,1.0,0.0,0,1.505,3.783,3.899,84.303,68.586,50.214,47.961,53.047,29.842,2.995,72.016,29.482,6.253,0.794,38.421,7.868,3.959,3.477,0.7585076923076922,0.607325,0.377675,0.4522210526315789,0.4476117647058823,0.47091228070175434,0.6598999999999999,0.6002285714285716,0.5141764705882352,0.47958333333333336,0.5422222222222223,0.7563333333333333,0.7170000000000001,0.37877192982456137,0.24616666666666664
lhs_critical_20260813_0036,lhs,critical,lhs__critical,3,"20260821,20260822,20260823",52.37566666666667,0.04687572221665942,52.341,52.429,high,1.0,0.0,0,1.06,3.878,7.531,96.642,97.249,89.832,84.334,96.208,6.099,-15.606,89.653,17.61,2.974,0.989,28.18,5.623,1.91,6.675,0.9483384615384615,0.9656125,0.8728999999999999,0.8350947368421053,0.9553882352941176,0.05436842105263158,0.28788,0.8521857142857143,0.16499999999999998,0.024166666666666718,0.9755555555555555,0.377037037037037,0.15575000000000006,0.019298245614035064,0.7791666666666667
lhs_critical_20260813_0055,lhs,critical,lhs__critical,3,"20260821,20260822,20260823",50.272,0.31181244362597305,49.945,50.566,high,0.6666666666666666,0.0,0,1.136,4.15,6.642,98.886,99.96,85.589,79.978,92.414,7.508,-10.939,88.938,13.158,3.764,0.995,28.882,6.594,3.349,7.629,0.9828615384615383,0.9994999999999999,0.8198624999999999,0.7892421052631579,0.9107529411764707,0.07908771929824561,0.38122,0.8419714285714286,0.03405882352941175,0.1338888888888889,0.9888888888888889,0.4030370370370371,0.3985000000000001,0.2717543859649123,0.9381666666666666
lhs_critical_20260813_0101,lhs,critical,lhs__critical,3,"20260821,20260822,20260823",48.967999999999996,1.42136694769507,47.348,50.006,medium,0.6666666666666666,0.0,0,1.234,4.113,9.403,95.051,97.833,97.585,95.459,98.734,5.181,-25.371,89.669,15.879,3.377,0.992,31.775,5.321,3.484,7.74,0.9238615384615385,0.9729125,0.9698125,0.9522,0.9851058823529412,0.038263157894736846,0.09258000000000002,0.8524142857142857,0.11408823529411763,0.08013888888888888,0.9822222222222222,0.5101851851851852,0.08024999999999993,0.29543859649122806,0.9566666666666667
lhs_high_20260813_0024,lhs,high,lhs__high,3,"20260821,20260822,20260823",50.318666666666665,0.06903863652574324,50.251,50.389,high,1.0,0.0,0,1.075,4.025,3.318,91.728,89.337,75.634,81.346,82.168,13.17,-15.886,77.099,21.122,3.959,0.891,32.779,6.284,3.378,4.508,0.8727384615384615,0.8667125,0.695425,0.8036421052631579,0.7902117647058824,0.17842105263157895,0.28228000000000003,0.6728428571428572,0.2682941176470588,0.16097222222222227,0.7577777777777778,0.5473703703703705,0.32099999999999995,0.2768421052631579,0.418
lhs_high_20260813_0077,lhs,high,lhs__high,3,"20260821,20260822,20260823",44.736,0.1158576713040603,44.647,44.867,medium,1.0,0.0,0,1.16,4.344,10.38,86.869,93.125,71.146,56.456,82.669,6.997,-8.727,85.195,23.46,5.587,0.936,23.457,6.649,4.112,4.917,0.7979846153846154,0.9140625,0.639325,0.5416421052631579,0.7961058823529411,0.07012280701754386,0.42546,0.7884999999999999,0.3370588235294118,0.38708333333333333,0.8577777777777779,0.20211111111111113,0.41225,0.4056140350877193,0.48616666666666664
lhs_high_20260813_0106,lhs,high,lhs__high,3,"20260821,20260822,20260823",51.74733333333334,0.09151138362702939,51.694,51.853,high,1.0,0.0,0,1.008,4.021,4.574,90.861,99.09,76.954,65.174,91.264,17.849,-7.126,96.606,21.692,5.059,0.902,29.184,7.747,3.683,5.635,0.8594,0.9886250000000001,0.7119249999999999,0.6334105263157895,0.8972235294117646,0.2605087719298246,0.45748,0.9515142857142856,0.28505882352941175,0.31375000000000003,0.7822222222222223,0.41422222222222227,0.68675,0.3303508771929824,0.6058333333333333
lhs_low_20260813_0010,lhs,low,lhs__low,3,"20260821,20260822,20260823",25.866333333333333,0.11541808061708948,25.757,25.987,medium,1.0,0.0,0,1.638,4.254,15.22,71.483,55.244,23.376,34.058,36.285,54.405,7.987,43.48,37.498,7.566,0.731,35.961,8.757,7.081,3.363,0.5612769230769231,0.44055,0.042200000000000015,0.3058736842105263,0.25041176470588233,0.9018421052631579,0.7597400000000001,0.19257142857142853,0.7499411764705881,0.6619444444444444,0.40222222222222215,0.6652222222222222,0.9392499999999999,0.9264912280701755,0.22716666666666666
lhs_low_20260813_0077,lhs,low,lhs__low,3,"20260821,20260822,20260823",24.584666666666667,0.4786902269039276,24.032,24.869,low,1.0,0.0,0,1.643,4.251,12.654,42.167,51.262,54.763,26.767,31.673,41.856,10.131,54.63,41.143,9.257,0.755,32.349,7.222,6.28,2.438,0.11026153846153848,0.390775,0.43453749999999997,0.22912631578947368,0.19615294117647056,0.6816842105263158,0.80262,0.35185714285714287,0.8571470588235295,0.8968055555555555,0.4555555555555555,0.5314444444444443,0.5555000000000001,0.7859649122807018,0.07300000000000002
lhs_low_20260813_0128,lhs,low,lhs__low,3,"20260821,20260822,20260823",24.474333333333334,0.011015141094571367,24.467,24.487,low,1.0,0.0,0,1.654,4.273,10.944,40.55,20.9,45.914,6.383,23.86,47.108,9.702,53.521,36.121,8.761,0.602,42.926,7.037,6.783,2.097,0.08538461538461534,0.011249999999999982,0.323925,0.014557894736842105,0.10423529411764705,0.7738245614035087,0.79404,0.3360142857142857,0.7094411764705884,0.8279166666666665,0.11555555555555543,0.9231851851851852,0.50925,0.8742105263157895,0.016166666666666663
lhs_medium_20260813_0026,lhs,medium,lhs__medium,3,"20260821,20260822,20260823",28.413333333333334,0.12383995047371875,28.311,28.551,medium,1.0,0.0,0,1.645,4.15,13.13,71.278,65.778,66.141,40.513,59.924,33.134,2.617,75.474,33.497,7.0,0.782,29.71,7.121,5.87,4.003,0.558123076923077,0.5722250000000001,0.5767625000000001,0.37382105263157894,0.5285176470588235,0.5286666666666666,0.6523399999999999,0.6496285714285714,0.632264705882353,0.5833333333333334,0.5155555555555555,0.43370370370370376,0.5302500000000001,0.7140350877192982,0.33383333333333337
lhs_medium_20260813_0041,lhs,medium,lhs__medium,3,"20260821,20260822,20260823",30.77,0.587091985978347,30.093,31.139,medium,1.0,0.0,0,1.688,4.225,6.936,63.12,70.326,54.663,39.561,59.666,15.62,3.927,73.784,30.818,5.549,0.74,35.622,7.786,4.627,4.053,0.43261538461538457,0.6290749999999999,0.43328749999999994,0.3638,0.5254823529411764,0.22140350877192982,0.67854,0.6254857142857144,0.5534705882352942,0.3818055555555556,0.42222222222222217,0.6526666666666666,0.6964999999999999,0.4959649122807017,0.3421666666666667
lhs_medium_20260813_0110,lhs,medium,lhs__medium,3,"20260821,20260822,20260823",32.588,0.15352849898308676,32.417,32.714,medium,1.0,0.0,0,1.667,4.355,7.001,85.094,69.166,68.624,42.963,69.798,21.658,3.648,76.972,32.668,7.222,0.865,38.869,7.994,5.27,4.496,0.770676923076923,0.614575,0.6077999999999999,0.39961052631578947,0.6446823529411765,0.32733333333333337,0.6729600000000001,0.6710285714285713,0.6078823529411764,0.6141666666666667,0.7,0.7729259259259259,0.7484999999999999,0.6087719298245613,0.4160000000000001
