model,repeat_index,split_seed,mae,rmse,r2,spearman,mean_bias,high_or_critical_recall,high_or_critical_precision,top_k_observed_recall,target_mean_ordering_strict
random_forest,0,20260815,5.4050347106058325,9.983717003557961,0.6135776436156837,0.9093951093951094,0.12418509261597184,0.875,0.5833333333333334,0.6666666666666666,True
ridge,0,20260815,9.439609215760829,13.136621166349427,0.33097080148866476,0.7976833976833978,-0.45386343898655923,0.375,0.3333333333333333,0.4444444444444444,True
random_forest,1,20260816,5.38050069674701,9.647359870282889,0.6391766133228437,0.9163449163449164,0.10914289109346756,0.625,0.45454545454545453,0.5555555555555556,True
ridge,1,20260816,9.92644123298677,13.816466307425344,0.25993189968552954,0.7626769626769628,0.24141497431285033,0.5,0.3333333333333333,0.4444444444444444,True
random_forest,2,20260817,6.172747055102395,10.73533204997197,0.55320460920388,0.8710424710424711,0.4856473213428377,0.75,0.5,0.4444444444444444,True
ridge,2,20260817,10.237378070277908,13.823653658450903,0.25916172985892316,0.7891891891891892,0.33592200277704926,0.375,0.3,0.3333333333333333,True
random_forest,3,20260818,5.779424494448449,10.528587725967938,0.57024794656349,0.8862290862290864,0.1066776849001409,0.75,0.5,0.5555555555555556,True
ridge,3,20260818,10.352469377181375,13.966631576572818,0.24375751052498607,0.7938223938223938,-0.5560807794407733,0.25,0.25,0.4444444444444444,True
random_forest,4,20260819,5.521879677456891,10.125848312475041,0.6024968680408078,0.8921492921492923,-0.16686221711494198,0.625,0.5,0.5555555555555556,True
ridge,4,20260819,7.764365216684864,11.572161837876356,0.4808334325046062,0.862805662805663,-0.8926643498476453,0.375,0.3,0.4444444444444444,True
random_forest,5,20260820,5.4598214871399176,9.990915061751828,0.6130202373296416,0.900900900900901,-0.22486447476974203,0.625,0.4166666666666667,0.5555555555555556,True
ridge,5,20260820,9.383853164430484,12.559588864202155,0.38845479334968536,0.8182754182754184,-0.4582185844577247,0.625,0.45454545454545453,0.4444444444444444,True
random_forest,6,20260821,5.854911280716107,9.894542301990258,0.6204498744132005,0.9081081081081083,0.33660129303728614,0.625,0.45454545454545453,0.6666666666666666,True
ridge,6,20260821,10.10647588765066,13.876658994253551,0.25346950586651096,0.8316602316602317,-0.8692953851713491,0.375,0.3,0.4444444444444444,True
random_forest,7,20260822,5.549643750223796,10.25701068806094,0.5921322788185257,0.8954954954954955,0.09931315839055838,0.875,0.5384615384615384,0.5555555555555556,True
ridge,7,20260822,8.936328537471232,12.982807530880505,0.3465460946893879,0.8213642213642214,-0.22555937418343694,0.375,0.3,0.3333333333333333,True
random_forest,8,20260823,5.52844121204995,10.329406545019845,0.5863543497750867,0.8967824967824969,0.11417313533036665,0.75,0.5,0.5555555555555556,True
ridge,8,20260823,8.773309114328558,13.10024341848519,0.33467100373633474,0.8172458172458172,0.42516939287569205,0.25,0.2222222222222222,0.3333333333333333,True
random_forest,9,20260824,5.536430568097186,9.86442630140071,0.6227568302911093,0.9021879021879023,0.03022897209973478,0.75,0.5,0.5555555555555556,True
ridge,9,20260824,9.673402190076791,13.49698812385597,0.2937613979942385,0.792020592020592,-1.738807053855431,0.5,0.36363636363636365,0.4444444444444444,True
random_forest,10,20260825,5.998551114160783,10.513954841791916,0.5714416759075117,0.8759330759330759,0.3670458429232708,0.75,0.46153846153846156,0.4444444444444444,True
ridge,10,20260825,9.822743246744702,14.303748513388735,0.20680959517560793,0.7562419562419562,1.2215136876818598,0.5,0.36363636363636365,0.4444444444444444,True
random_forest,11,20260826,6.136785424178953,10.754517484627408,0.5516062192627736,0.8617760617760618,0.2817779966029297,0.625,0.4166666666666667,0.4444444444444444,True
ridge,11,20260826,10.520838348778927,14.412946711094284,0.1946525606593026,0.7781209781209781,0.8570219002837571,0.5,0.36363636363636365,0.4444444444444444,True
random_forest,12,20260827,5.577719754479314,10.109090605100079,0.6038114698344659,0.9032175032175033,0.16256258474627028,0.75,0.5,0.5555555555555556,True
ridge,12,20260827,8.974037349510587,12.747424148699803,0.37002604728996824,0.8277992277992279,-1.3734892130325314,0.5,0.4444444444444444,0.5555555555555556,True
random_forest,13,20260828,5.621594459926644,10.356659574525722,0.584168751117661,0.8790218790218791,0.17415859286315222,0.875,0.5384615384615384,0.4444444444444444,True
ridge,13,20260828,9.971082302121935,14.350999266791264,0.20156051691270638,0.7534105534105534,0.8394705746243796,0.125,0.125,0.3333333333333333,True
random_forest,14,20260829,5.304589376545435,9.940546967203355,0.616912233448231,0.9137709137709138,-0.19280457713377291,0.625,0.5,0.5555555555555556,True
ridge,14,20260829,8.271707857089492,11.979545356028192,0.4436368047913618,0.8404118404118405,-0.9395347072181508,0.375,0.42857142857142855,0.5555555555555556,True
random_forest,15,20260830,5.930716499321919,10.28241821537234,0.590109126945939,0.8996138996138996,0.2582418629070655,0.75,0.5,0.5555555555555556,True
ridge,15,20260830,8.78025252709579,12.277395716095869,0.41562688385623114,0.8064350064350065,-0.503198440213763,0.25,0.2222222222222222,0.3333333333333333,True
random_forest,16,20260831,5.733671668787741,9.942927034892884,0.6167287658841883,0.9238095238095239,0.4414902808497151,0.625,0.5555555555555556,0.6666666666666666,True
ridge,16,20260831,8.653859358072147,12.442005104755644,0.3998518513841014,0.8625482625482626,-0.5766916684733331,0.5,0.4,0.4444444444444444,True
random_forest,17,20260832,5.766048909256817,10.210087084704616,0.595855555750264,0.8839124839124839,0.1512609248358873,0.75,0.46153846153846156,0.5555555555555556,True
ridge,17,20260832,8.148010947912445,12.129962513141443,0.4295775130793773,0.8198198198198199,-1.5012702793970663,0.375,0.3333333333333333,0.4444444444444444,True
random_forest,18,20260833,5.962736406106924,10.153159996625599,0.600349665982415,0.8898326898326899,0.5341443579645687,0.75,0.46153846153846156,0.5555555555555556,True
ridge,18,20260833,11.645952986268087,15.123198334288121,0.11332387246855125,0.7564993564993566,0.31449673308414827,0.625,0.35714285714285715,0.3333333333333333,True
random_forest,19,20260834,5.4607219478738,9.850230602122778,0.6238418152918646,0.9148005148005149,0.1333151141730342,0.75,0.6,0.6666666666666666,True
ridge,19,20260834,10.329647506076842,13.614644301171229,0.28139486040221906,0.8074646074646075,-3.231199862478177,0.375,0.5,0.4444444444444444,True
random_forest,20,20260835,5.629104142257008,10.14976201343999,0.6006171251521908,0.9137709137709138,0.3949986717004694,0.75,0.5,0.6666666666666666,True
ridge,20,20260835,8.36588490725913,12.407767671032174,0.4031502363843982,0.8615186615186615,-1.4858342165862763,0.375,0.3333333333333333,0.4444444444444444,True
random_forest,21,20260836,5.173858938082322,9.422076697522154,0.6558316017629555,0.9093951093951094,-0.08192614506619379,0.75,0.5,0.6666666666666666,True
ridge,21,20260836,10.143563293526453,13.118019182079502,0.3328642045132788,0.8151866151866152,-0.2776379176150271,0.375,0.3333333333333333,0.4444444444444444,True
random_forest,22,20260837,5.838216512259941,10.278920750542527,0.5903879203335572,0.9042471042471043,0.4784787056020962,0.75,0.5,0.5555555555555556,True
ridge,22,20260837,10.324273510339967,14.685361586296375,0.16392158987349115,0.745945945945946,-0.16900656917687693,0.375,0.3,0.3333333333333333,True
random_forest,23,20260838,5.891302625450938,10.228410924063498,0.594403634127199,0.9006435006435008,0.5315245629052912,0.75,0.5,0.5555555555555556,True
ridge,23,20260838,7.542733958891871,11.84919057717739,0.4556790005263943,0.8674388674388674,-1.151605908829218,0.375,0.375,0.5555555555555556,True
random_forest,24,20260839,5.41594076196154,9.887259768016637,0.6210083781610201,0.8962676962676964,-0.1600082469391955,0.75,0.5,0.5555555555555556,True
ridge,24,20260839,8.660347530085172,12.234396182592114,0.4197130547428636,0.8077220077220078,-0.38826389131381245,0.5,0.4,0.5555555555555556,True
random_forest,25,20260840,6.114323599145113,10.634183660024195,0.5615843652305554,0.9091377091377092,0.4236118588207867,0.75,0.5,0.5555555555555556,True
ridge,25,20260840,9.241057242271397,12.886009080737697,0.3562539363942233,0.8478764478764479,-1.2938272855770576,0.375,0.375,0.5555555555555556,True
random_forest,26,20260841,5.761016128196652,10.27135699589336,0.5909905254977159,0.898841698841699,0.068879250413074,0.75,0.46153846153846156,0.5555555555555556,True
ridge,26,20260841,10.054299011354708,12.922687786660626,0.3525840062157162,0.797940797940798,-0.9098630862289068,0.375,0.2727272727272727,0.4444444444444444,True
random_forest,27,20260842,6.016755388227513,10.188664025805352,0.5975497483531116,0.9070785070785071,0.7550287518861447,0.75,0.5454545454545454,0.5555555555555556,True
ridge,27,20260842,9.53296380386822,13.47035379317719,0.29654596484879747,0.8211068211068212,-2.775580900585771,0.375,0.3333333333333333,0.4444444444444444,True
random_forest,28,20260843,5.7056934786277695,10.186293870156788,0.5977369679506936,0.9006435006435008,0.17341493779394668,0.75,0.5,0.6666666666666666,True
ridge,28,20260843,9.577145589767856,12.899369785817802,0.35491832346403684,0.8061776061776061,-0.9191176810847114,0.5,0.4,0.4444444444444444,True
random_forest,29,20260844,5.268226980040711,9.79171129335616,0.6282979809755111,0.9099099099099099,-0.04219958896282784,0.75,0.5,0.5555555555555556,True
ridge,29,20260844,9.934574221786011,13.90858788090292,0.2500301607612415,0.8102960102960104,-0.07271335825133285,0.625,0.45454545454545453,0.5555555555555556,True
random_forest,30,20260845,5.455386639978932,9.763279642213586,0.630453428335134,0.8723294723294724,0.15960789252644197,0.875,0.5,0.5555555555555556,True
ridge,30,20260845,9.299733590032437,12.76444936551413,0.3683421611407638,0.753925353925354,-1.240588709853161,0.375,0.2727272727272727,0.2222222222222222,True
random_forest,31,20260846,5.354330818466859,9.9523197612248,0.6160042986970775,0.9178893178893179,-0.07497834677908571,0.75,0.5454545454545454,0.5555555555555556,True
ridge,31,20260846,8.52411901713135,12.376488081460447,0.4061557219617189,0.8808236808236809,-1.0477009539378848,0.5,0.4444444444444444,0.5555555555555556,True
random_forest,32,20260847,5.481234953348511,9.942100918550011,0.6167924520553836,0.8921492921492923,-0.11792296691897637,0.75,0.46153846153846156,0.5555555555555556,True
ridge,32,20260847,9.494338526403782,13.435704492885755,0.3001602487879348,0.8002574002574003,-0.8253071001651607,0.375,0.3,0.4444444444444444,True
random_forest,33,20260848,5.077728511186612,9.368640430721069,0.6597243577802313,0.9086229086229086,-0.00010312924549557876,0.875,0.5384615384615384,0.6666666666666666,True
ridge,33,20260848,8.163096164724783,11.791718412389935,0.46094643870600827,0.858944658944659,-0.47882939798632435,0.5,0.4444444444444444,0.5555555555555556,True
random_forest,34,20260849,5.828219798647861,10.2988957619732,0.5887943763784538,0.900900900900901,0.47698356197334996,0.75,0.5,0.5555555555555556,True
ridge,34,20260849,7.845215933408917,11.717638912491745,0.46769819128675727,0.8386100386100388,-0.5716025976371638,0.375,0.3333333333333333,0.4444444444444444,True
random_forest,35,20260850,5.861929501228101,10.415883796255804,0.5793993180654031,0.88005148005148,0.5461595782126714,0.75,0.5,0.4444444444444444,True
ridge,35,20260850,10.563942661336508,14.539573084061622,0.18043947888194212,0.7917631917631919,-0.43223439983594375,0.5,0.4,0.4444444444444444,True
random_forest,36,20260851,6.203108401589753,10.554743320359776,0.5681100753366278,0.893951093951094,0.6591883244782443,0.625,0.4166666666666667,0.5555555555555556,True
ridge,36,20260851,9.874044130229311,13.691957201696143,0.27321026265622705,0.8283140283140284,0.26349834768510927,0.25,0.2222222222222222,0.3333333333333333,True
random_forest,37,20260852,5.8972392006295316,10.319477443985969,0.587149198047245,0.8772200772200772,0.2033031430163563,0.75,0.5,0.5555555555555556,True
ridge,37,20260852,9.63147203018696,14.299018311220017,0.20733411930167556,0.7637065637065638,0.2520570937277854,0.25,0.2222222222222222,0.3333333333333333,True
random_forest,38,20260853,5.253273255156281,9.344861309144687,0.661449514640521,0.9305019305019305,0.11954624266363299,0.75,0.5454545454545454,0.6666666666666666,True
ridge,38,20260853,9.05918478068054,12.498657116371609,0.3943741161547275,0.85997425997426,-1.1939101042762494,0.375,0.3333333333333333,0.4444444444444444,True
random_forest,39,20260854,5.683487232302078,10.212655052814833,0.5956522351419402,0.8936936936936938,-0.07586536592445706,0.375,0.375,0.4444444444444444,True
ridge,39,20260854,8.930365882952419,12.734191459269825,0.3713332796801646,0.8074646074646075,-2.197122847820042,0.25,0.25,0.4444444444444444,True
random_forest,40,20260855,6.362660409324725,10.94297489148224,0.5357536202008284,0.8553410553410553,0.7525962952496673,0.75,0.46153846153846156,0.4444444444444444,True
ridge,40,20260855,9.02368280332596,13.277545880430344,0.3165396228494334,0.7804375804375805,-0.046176201673220736,0.25,0.2,0.2222222222222222,True
random_forest,41,20260856,5.268050674590935,9.482460439818654,0.6514060870003495,0.9214929214929215,0.1033256558274508,0.75,0.6,0.6666666666666666,True
ridge,41,20260856,8.65211280056646,12.728165231049323,0.3719281494410057,0.8123552123552125,-1.112559029544438,0.5,0.4,0.4444444444444444,True
random_forest,42,20260857,5.908856476019022,10.62196336815793,0.5625913985596319,0.8756756756756757,-0.08748930798060132,0.75,0.5,0.5555555555555556,True
ridge,42,20260857,9.023774852451158,13.150504804035018,0.32955590685892955,0.8247104247104249,0.5488700866890575,0.5,0.4,0.5555555555555556,True
random_forest,43,20260858,5.735429396255309,10.042758534860246,0.6089936937659661,0.8975546975546975,0.1675398994397131,0.75,0.6,0.6666666666666666,True
ridge,43,20260858,8.566307879909228,12.65062183995632,0.379557601910657,0.8324324324324325,-1.527825956880633,0.5,0.36363636363636365,0.4444444444444444,True
random_forest,44,20260859,5.85287547091617,10.154580447190556,0.6002378341481784,0.898841698841699,0.365766011456048,0.75,0.46153846153846156,0.5555555555555556,True
ridge,44,20260859,9.577343794244342,13.076044026343217,0.3371267880928407,0.8257400257400258,-1.232421899973176,0.5,0.4444444444444444,0.5555555555555556,True
random_forest,45,20260860,5.691546140059098,10.071809126047269,0.606728301583524,0.9055341055341055,0.2645653825612778,0.625,0.5,0.5555555555555556,True
ridge,45,20260860,9.228126767098631,13.121969292746039,0.3324623668651925,0.8324324324324325,-1.6143348347665791,0.25,0.25,0.4444444444444444,True
random_forest,46,20260861,5.411992605317952,9.358178123151804,0.6604839302333412,0.9145431145431145,0.20519049381491142,0.75,0.5454545454545454,0.6666666666666666,True
ridge,46,20260861,9.931516526262492,13.220634499253306,0.32238608170949634,0.840926640926641,-1.93704095922589,0.375,0.3333333333333333,0.4444444444444444,True
random_forest,47,20260862,5.838729795620444,10.024194298625977,0.6104379233483543,0.9083655083655084,0.5544802710315186,0.75,0.42857142857142855,0.5555555555555556,True
ridge,47,20260862,10.525548684681231,14.319028269522976,0.20511406350256878,0.7691119691119692,-0.41631427235245994,0.25,0.2,0.3333333333333333,True
random_forest,48,20260863,5.883716077956597,10.575598558206963,0.5664016366733342,0.8936936936936938,0.14678796922153817,0.75,0.5,0.5555555555555556,True
ridge,48,20260863,9.400988053924193,13.860528481532254,0.2552040618212824,0.7711711711711712,-0.3346130390666516,0.375,0.3333333333333333,0.4444444444444444,True
random_forest,49,20260864,5.756157557118808,10.261909035486482,0.5917426224328666,0.9003861003861005,0.12723972951739843,0.75,0.5454545454545454,0.6666666666666666,True
ridge,49,20260864,9.168458933041865,13.179059901746886,0.32664113176386445,0.8167310167310169,-1.9937251202911328,0.5,0.5,0.5555555555555556,True
