run_order,group_index,part_index,run_id,sample_id,generator,target_risk_level,selection_index,repeat_round,traffic_manager_seed,source,config_path,expected_run_root
1,1,1,gmm_high_20260813_0079__tm_20260821__generator_compare_v1,gmm_high_20260813_0079,gmm,high,2,1,20260821,controlled_generator_comparison_v1,D:\Xx\竞赛\大创实施ing\data\scenarios\generator_comparison_v1\configs\gmm_high_20260813_0079__tm_20260821__generator_compare_v1.json,F:\Carla\test\output\generator_comparison_v1\gmm_high_20260813_0079__tm_20260821__generator_compare_v1
2,1,1,cvae_low_20260813_0001__tm_20260823__generator_compare_v1,cvae_low_20260813_0001,cvae,low,1,3,20260823,controlled_generator_comparison_v1,D:\Xx\竞赛\大创实施ing\data\scenarios\generator_comparison_v1\configs\cvae_low_20260813_0001__tm_20260823__generator_compare_v1.json,F:\Carla\test\output\generator_comparison_v1\cvae_low_20260813_0001__tm_20260823__generator_compare_v1
3,1,1,cvae_critical_20260813_0046__tm_20260823__generator_compare_v1,cvae_critical_20260813_0046,cvae,critical,1,3,20260823,controlled_generator_comparison_v1,D:\Xx\竞赛\大创实施ing\data\scenarios\generator_comparison_v1\configs\cvae_critical_20260813_0046__tm_20260823__generator_compare_v1.json,F:\Carla\test\output\generator_comparison_v1\cvae_critical_20260813_0046__tm_20260823__generator_compare_v1
4,1,1,lhs_medium_20260813_0026__tm_20260822__generator_compare_v1,lhs_medium_20260813_0026,lhs,medium,3,2,20260822,controlled_generator_comparison_v1,D:\Xx\竞赛\大创实施ing\data\scenarios\generator_comparison_v1\configs\lhs_medium_20260813_0026__tm_20260822__generator_compare_v1.json,F:\Carla\test\output\generator_comparison_v1\lhs_medium_20260813_0026__tm_20260822__generator_compare_v1
5,1,2,lhs_critical_20260813_0036__tm_20260821__generator_compare_v1,lhs_critical_20260813_0036,lhs,critical,2,1,20260821,controlled_generator_comparison_v1,D:\Xx\竞赛\大创实施ing\data\scenarios\generator_comparison_v1\configs\lhs_critical_20260813_0036__tm_20260821__generator_compare_v1.json,F:\Carla\test\output\generator_comparison_v1\lhs_critical_20260813_0036__tm_20260821__generator_compare_v1
6,1,2,lhs_low_20260813_0010__tm_20260821__generator_compare_v1,lhs_low_20260813_0010,lhs,low,2,1,20260821,controlled_generator_comparison_v1,D:\Xx\竞赛\大创实施ing\data\scenarios\generator_comparison_v1\configs\lhs_low_20260813_0010__tm_20260821__generator_compare_v1.json,F:\Carla\test\output\generator_comparison_v1\lhs_low_20260813_0010__tm_20260821__generator_compare_v1
7,1,2,gmm_medium_20260813_0102__tm_20260823__generator_compare_v1,gmm_medium_20260813_0102,gmm,medium,1,3,20260823,controlled_generator_comparison_v1,D:\Xx\竞赛\大创实施ing\data\scenarios\generator_comparison_v1\configs\gmm_medium_20260813_0102__tm_20260823__generator_compare_v1.json,F:\Carla\test\output\generator_comparison_v1\gmm_medium_20260813_0102__tm_20260823__generator_compare_v1
8,1,2,cvae_high_20260813_0043__tm_20260822__generator_compare_v1,cvae_high_20260813_0043,cvae,high,3,2,20260822,controlled_generator_comparison_v1,D:\Xx\竞赛\大创实施ing\data\scenarios\generator_comparison_v1\configs\cvae_high_20260813_0043__tm_20260822__generator_compare_v1.json,F:\Carla\test\output\generator_comparison_v1\cvae_high_20260813_0043__tm_20260822__generator_compare_v1
9,1,3,gmm_critical_20260813_0004__tm_20260822__generator_compare_v1,gmm_critical_20260813_0004,gmm,critical,3,2,20260822,controlled_generator_comparison_v1,D:\Xx\竞赛\大创实施ing\data\scenarios\generator_comparison_v1\configs\gmm_critical_20260813_0004__tm_20260822__generator_compare_v1.json,F:\Carla\test\output\generator_comparison_v1\gmm_critical_20260813_0004__tm_20260822__generator_compare_v1
10,1,3,cvae_medium_20260813_0061__tm_20260821__generator_compare_v1,cvae_medium_20260813_0061,cvae,medium,2,1,20260821,controlled_generator_comparison_v1,D:\Xx\竞赛\大创实施ing\data\scenarios\generator_comparison_v1\configs\cvae_medium_20260813_0061__tm_20260821__generator_compare_v1.json,F:\Carla\test\output\generator_comparison_v1\cvae_medium_20260813_0061__tm_20260821__generator_compare_v1
11,1,3,gmm_low_20260813_0036__tm_20260822__generator_compare_v1,gmm_low_20260813_0036,gmm,low,3,2,20260822,controlled_generator_comparison_v1,D:\Xx\竞赛\大创实施ing\data\scenarios\generator_comparison_v1\configs\gmm_low_20260813_0036__tm_20260822__generator_compare_v1.json,F:\Carla\test\output\generator_comparison_v1\gmm_low_20260813_0036__tm_20260822__generator_compare_v1
12,1,3,lhs_high_20260813_0024__tm_20260823__generator_compare_v1,lhs_high_20260813_0024,lhs,high,1,3,20260823,controlled_generator_comparison_v1,D:\Xx\竞赛\大创实施ing\data\scenarios\generator_comparison_v1\configs\lhs_high_20260813_0024__tm_20260823__generator_compare_v1.json,F:\Carla\test\output\generator_comparison_v1\lhs_high_20260813_0024__tm_20260823__generator_compare_v1
13,2,4,gmm_critical_20260813_0067__tm_20260823__generator_compare_v1,gmm_critical_20260813_0067,gmm,critical,1,3,20260823,controlled_generator_comparison_v1,D:\Xx\竞赛\大创实施ing\data\scenarios\generator_comparison_v1\configs\gmm_critical_20260813_0067__tm_20260823__generator_compare_v1.json,F:\Carla\test\output\generator_comparison_v1\gmm_critical_20260813_0067__tm_20260823__generator_compare_v1
14,2,4,lhs_high_20260813_0077__tm_20260821__generator_compare_v1,lhs_high_20260813_0077,lhs,high,2,1,20260821,controlled_generator_comparison_v1,D:\Xx\竞赛\大创实施ing\data\scenarios\generator_comparison_v1\configs\lhs_high_20260813_0077__tm_20260821__generator_compare_v1.json,F:\Carla\test\output\generator_comparison_v1\lhs_high_20260813_0077__tm_20260821__generator_compare_v1
15,2,4,cvae_medium_20260813_0103__tm_20260822__generator_compare_v1,cvae_medium_20260813_0103,cvae,medium,3,2,20260822,controlled_generator_comparison_v1,D:\Xx\竞赛\大创实施ing\data\scenarios\generator_comparison_v1\configs\cvae_medium_20260813_0103__tm_20260822__generator_compare_v1.json,F:\Carla\test\output\generator_comparison_v1\cvae_medium_20260813_0103__tm_20260822__generator_compare_v1
16,2,4,gmm_low_20260813_0072__tm_20260823__generator_compare_v1,gmm_low_20260813_0072,gmm,low,1,3,20260823,controlled_generator_comparison_v1,D:\Xx\竞赛\大创实施ing\data\scenarios\generator_comparison_v1\configs\gmm_low_20260813_0072__tm_20260823__generator_compare_v1.json,F:\Carla\test\output\generator_comparison_v1\gmm_low_20260813_0072__tm_20260823__generator_compare_v1
17,2,5,gmm_high_20260813_0005__tm_20260822__generator_compare_v1,gmm_high_20260813_0005,gmm,high,3,2,20260822,controlled_generator_comparison_v1,D:\Xx\竞赛\大创实施ing\data\scenarios\generator_comparison_v1\configs\gmm_high_20260813_0005__tm_20260822__generator_compare_v1.json,F:\Carla\test\output\generator_comparison_v1\gmm_high_20260813_0005__tm_20260822__generator_compare_v1
18,2,5,lhs_medium_20260813_0110__tm_20260823__generator_compare_v1,lhs_medium_20260813_0110,lhs,medium,1,3,20260823,controlled_generator_comparison_v1,D:\Xx\竞赛\大创实施ing\data\scenarios\generator_comparison_v1\configs\lhs_medium_20260813_0110__tm_20260823__generator_compare_v1.json,F:\Carla\test\output\generator_comparison_v1\lhs_medium_20260813_0110__tm_20260823__generator_compare_v1
19,2,5,cvae_critical_20260813_0042__tm_20260821__generator_compare_v1,cvae_critical_20260813_0042,cvae,critical,2,1,20260821,controlled_generator_comparison_v1,D:\Xx\竞赛\大创实施ing\data\scenarios\generator_comparison_v1\configs\cvae_critical_20260813_0042__tm_20260821__generator_compare_v1.json,F:\Carla\test\output\generator_comparison_v1\cvae_critical_20260813_0042__tm_20260821__generator_compare_v1
20,2,5,cvae_low_20260813_0115__tm_20260821__generator_compare_v1,cvae_low_20260813_0115,cvae,low,2,1,20260821,controlled_generator_comparison_v1,D:\Xx\竞赛\大创实施ing\data\scenarios\generator_comparison_v1\configs\cvae_low_20260813_0115__tm_20260821__generator_compare_v1.json,F:\Carla\test\output\generator_comparison_v1\cvae_low_20260813_0115__tm_20260821__generator_compare_v1
21,2,6,lhs_critical_20260813_0101__tm_20260822__generator_compare_v1,lhs_critical_20260813_0101,lhs,critical,3,2,20260822,controlled_generator_comparison_v1,D:\Xx\竞赛\大创实施ing\data\scenarios\generator_comparison_v1\configs\lhs_critical_20260813_0101__tm_20260822__generator_compare_v1.json,F:\Carla\test\output\generator_comparison_v1\lhs_critical_20260813_0101__tm_20260822__generator_compare_v1
22,2,6,cvae_high_20260813_0033__tm_20260823__generator_compare_v1,cvae_high_20260813_0033,cvae,high,1,3,20260823,controlled_generator_comparison_v1,D:\Xx\竞赛\大创实施ing\data\scenarios\generator_comparison_v1\configs\cvae_high_20260813_0033__tm_20260823__generator_compare_v1.json,F:\Carla\test\output\generator_comparison_v1\cvae_high_20260813_0033__tm_20260823__generator_compare_v1
23,2,6,gmm_medium_20260813_0010__tm_20260821__generator_compare_v1,gmm_medium_20260813_0010,gmm,medium,2,1,20260821,controlled_generator_comparison_v1,D:\Xx\竞赛\大创实施ing\data\scenarios\generator_comparison_v1\configs\gmm_medium_20260813_0010__tm_20260821__generator_compare_v1.json,F:\Carla\test\output\generator_comparison_v1\gmm_medium_20260813_0010__tm_20260821__generator_compare_v1
24,2,6,lhs_low_20260813_0077__tm_20260822__generator_compare_v1,lhs_low_20260813_0077,lhs,low,3,2,20260822,controlled_generator_comparison_v1,D:\Xx\竞赛\大创实施ing\data\scenarios\generator_comparison_v1\configs\lhs_low_20260813_0077__tm_20260822__generator_compare_v1.json,F:\Carla\test\output\generator_comparison_v1\lhs_low_20260813_0077__tm_20260822__generator_compare_v1
25,3,7,lhs_critical_20260813_0036__tm_20260822__generator_compare_v1,lhs_critical_20260813_0036,lhs,critical,2,2,20260822,controlled_generator_comparison_v1,D:\Xx\竞赛\大创实施ing\data\scenarios\generator_comparison_v1\configs\lhs_critical_20260813_0036__tm_20260822__generator_compare_v1.json,F:\Carla\test\output\generator_comparison_v1\lhs_critical_20260813_0036__tm_20260822__generator_compare_v1
26,3,7,gmm_medium_20260813_0102__tm_20260821__generator_compare_v1,gmm_medium_20260813_0102,gmm,medium,1,1,20260821,controlled_generator_comparison_v1,D:\Xx\竞赛\大创实施ing\data\scenarios\generator_comparison_v1\configs\gmm_medium_20260813_0102__tm_20260821__generator_compare_v1.json,F:\Carla\test\output\generator_comparison_v1\gmm_medium_20260813_0102__tm_20260821__generator_compare_v1
27,3,7,cvae_high_20260813_0043__tm_20260823__generator_compare_v1,cvae_high_20260813_0043,cvae,high,3,3,20260823,controlled_generator_comparison_v1,D:\Xx\竞赛\大创实施ing\data\scenarios\generator_comparison_v1\configs\cvae_high_20260813_0043__tm_20260823__generator_compare_v1.json,F:\Carla\test\output\generator_comparison_v1\cvae_high_20260813_0043__tm_20260823__generator_compare_v1
28,3,7,lhs_low_20260813_0010__tm_20260822__generator_compare_v1,lhs_low_20260813_0010,lhs,low,2,2,20260822,controlled_generator_comparison_v1,D:\Xx\竞赛\大创实施ing\data\scenarios\generator_comparison_v1\configs\lhs_low_20260813_0010__tm_20260822__generator_compare_v1.json,F:\Carla\test\output\generator_comparison_v1\lhs_low_20260813_0010__tm_20260822__generator_compare_v1
29,3,8,lhs_high_20260813_0024__tm_20260821__generator_compare_v1,lhs_high_20260813_0024,lhs,high,1,1,20260821,controlled_generator_comparison_v1,D:\Xx\竞赛\大创实施ing\data\scenarios\generator_comparison_v1\configs\lhs_high_20260813_0024__tm_20260821__generator_compare_v1.json,F:\Carla\test\output\generator_comparison_v1\lhs_high_20260813_0024__tm_20260821__generator_compare_v1
30,3,8,gmm_critical_20260813_0004__tm_20260823__generator_compare_v1,gmm_critical_20260813_0004,gmm,critical,3,3,20260823,controlled_generator_comparison_v1,D:\Xx\竞赛\大创实施ing\data\scenarios\generator_comparison_v1\configs\gmm_critical_20260813_0004__tm_20260823__generator_compare_v1.json,F:\Carla\test\output\generator_comparison_v1\gmm_critical_20260813_0004__tm_20260823__generator_compare_v1
31,3,8,cvae_medium_20260813_0061__tm_20260822__generator_compare_v1,cvae_medium_20260813_0061,cvae,medium,2,2,20260822,controlled_generator_comparison_v1,D:\Xx\竞赛\大创实施ing\data\scenarios\generator_comparison_v1\configs\cvae_medium_20260813_0061__tm_20260822__generator_compare_v1.json,F:\Carla\test\output\generator_comparison_v1\cvae_medium_20260813_0061__tm_20260822__generator_compare_v1
32,3,8,gmm_low_20260813_0036__tm_20260823__generator_compare_v1,gmm_low_20260813_0036,gmm,low,3,3,20260823,controlled_generator_comparison_v1,D:\Xx\竞赛\大创实施ing\data\scenarios\generator_comparison_v1\configs\gmm_low_20260813_0036__tm_20260823__generator_compare_v1.json,F:\Carla\test\output\generator_comparison_v1\gmm_low_20260813_0036__tm_20260823__generator_compare_v1
33,3,9,lhs_medium_20260813_0026__tm_20260823__generator_compare_v1,lhs_medium_20260813_0026,lhs,medium,3,3,20260823,controlled_generator_comparison_v1,D:\Xx\竞赛\大创实施ing\data\scenarios\generator_comparison_v1\configs\lhs_medium_20260813_0026__tm_20260823__generator_compare_v1.json,F:\Carla\test\output\generator_comparison_v1\lhs_medium_20260813_0026__tm_20260823__generator_compare_v1
34,3,9,gmm_high_20260813_0079__tm_20260822__generator_compare_v1,gmm_high_20260813_0079,gmm,high,2,2,20260822,controlled_generator_comparison_v1,D:\Xx\竞赛\大创实施ing\data\scenarios\generator_comparison_v1\configs\gmm_high_20260813_0079__tm_20260822__generator_compare_v1.json,F:\Carla\test\output\generator_comparison_v1\gmm_high_20260813_0079__tm_20260822__generator_compare_v1
35,3,9,cvae_critical_20260813_0046__tm_20260821__generator_compare_v1,cvae_critical_20260813_0046,cvae,critical,1,1,20260821,controlled_generator_comparison_v1,D:\Xx\竞赛\大创实施ing\data\scenarios\generator_comparison_v1\configs\cvae_critical_20260813_0046__tm_20260821__generator_compare_v1.json,F:\Carla\test\output\generator_comparison_v1\cvae_critical_20260813_0046__tm_20260821__generator_compare_v1
36,3,9,cvae_low_20260813_0001__tm_20260821__generator_compare_v1,cvae_low_20260813_0001,cvae,low,1,1,20260821,controlled_generator_comparison_v1,D:\Xx\竞赛\大创实施ing\data\scenarios\generator_comparison_v1\configs\cvae_low_20260813_0001__tm_20260821__generator_compare_v1.json,F:\Carla\test\output\generator_comparison_v1\cvae_low_20260813_0001__tm_20260821__generator_compare_v1
37,4,10,cvae_critical_20260813_0030__tm_20260823__generator_compare_v1,cvae_critical_20260813_0030,cvae,critical,3,3,20260823,controlled_generator_comparison_v1,D:\Xx\竞赛\大创实施ing\data\scenarios\generator_comparison_v1\configs\cvae_critical_20260813_0030__tm_20260823__generator_compare_v1.json,F:\Carla\test\output\generator_comparison_v1\cvae_critical_20260813_0030__tm_20260823__generator_compare_v1
38,4,10,lhs_medium_20260813_0041__tm_20260822__generator_compare_v1,lhs_medium_20260813_0041,lhs,medium,2,2,20260822,controlled_generator_comparison_v1,D:\Xx\竞赛\大创实施ing\data\scenarios\generator_comparison_v1\configs\lhs_medium_20260813_0041__tm_20260822__generator_compare_v1.json,F:\Carla\test\output\generator_comparison_v1\lhs_medium_20260813_0041__tm_20260822__generator_compare_v1
39,4,10,cvae_low_20260813_0034__tm_20260823__generator_compare_v1,cvae_low_20260813_0034,cvae,low,3,3,20260823,controlled_generator_comparison_v1,D:\Xx\竞赛\大创实施ing\data\scenarios\generator_comparison_v1\configs\cvae_low_20260813_0034__tm_20260823__generator_compare_v1.json,F:\Carla\test\output\generator_comparison_v1\cvae_low_20260813_0034__tm_20260823__generator_compare_v1
40,4,10,gmm_high_20260813_0049__tm_20260821__generator_compare_v1,gmm_high_20260813_0049,gmm,high,1,1,20260821,controlled_generator_comparison_v1,D:\Xx\竞赛\大创实施ing\data\scenarios\generator_comparison_v1\configs\gmm_high_20260813_0049__tm_20260821__generator_compare_v1.json,F:\Carla\test\output\generator_comparison_v1\gmm_high_20260813_0049__tm_20260821__generator_compare_v1
41,4,11,gmm_medium_20260813_0077__tm_20260823__generator_compare_v1,gmm_medium_20260813_0077,gmm,medium,3,3,20260823,controlled_generator_comparison_v1,D:\Xx\竞赛\大创实施ing\data\scenarios\generator_comparison_v1\configs\gmm_medium_20260813_0077__tm_20260823__generator_compare_v1.json,F:\Carla\test\output\generator_comparison_v1\gmm_medium_20260813_0077__tm_20260823__generator_compare_v1
42,4,11,lhs_critical_20260813_0055__tm_20260821__generator_compare_v1,lhs_critical_20260813_0055,lhs,critical,1,1,20260821,controlled_generator_comparison_v1,D:\Xx\竞赛\大创实施ing\data\scenarios\generator_comparison_v1\configs\lhs_critical_20260813_0055__tm_20260821__generator_compare_v1.json,F:\Carla\test\output\generator_comparison_v1\lhs_critical_20260813_0055__tm_20260821__generator_compare_v1
43,4,11,cvae_high_20260813_0067__tm_20260822__generator_compare_v1,cvae_high_20260813_0067,cvae,high,2,2,20260822,controlled_generator_comparison_v1,D:\Xx\竞赛\大创实施ing\data\scenarios\generator_comparison_v1\configs\cvae_high_20260813_0067__tm_20260822__generator_compare_v1.json,F:\Carla\test\output\generator_comparison_v1\cvae_high_20260813_0067__tm_20260822__generator_compare_v1
44,4,11,lhs_low_20260813_0128__tm_20260821__generator_compare_v1,lhs_low_20260813_0128,lhs,low,1,1,20260821,controlled_generator_comparison_v1,D:\Xx\竞赛\大创实施ing\data\scenarios\generator_comparison_v1\configs\lhs_low_20260813_0128__tm_20260821__generator_compare_v1.json,F:\Carla\test\output\generator_comparison_v1\lhs_low_20260813_0128__tm_20260821__generator_compare_v1
45,4,12,gmm_critical_20260813_0072__tm_20260822__generator_compare_v1,gmm_critical_20260813_0072,gmm,critical,2,2,20260822,controlled_generator_comparison_v1,D:\Xx\竞赛\大创实施ing\data\scenarios\generator_comparison_v1\configs\gmm_critical_20260813_0072__tm_20260822__generator_compare_v1.json,F:\Carla\test\output\generator_comparison_v1\gmm_critical_20260813_0072__tm_20260822__generator_compare_v1
46,4,12,gmm_low_20260813_0012__tm_20260822__generator_compare_v1,gmm_low_20260813_0012,gmm,low,2,2,20260822,controlled_generator_comparison_v1,D:\Xx\竞赛\大创实施ing\data\scenarios\generator_comparison_v1\configs\gmm_low_20260813_0012__tm_20260822__generator_compare_v1.json,F:\Carla\test\output\generator_comparison_v1\gmm_low_20260813_0012__tm_20260822__generator_compare_v1
47,4,12,cvae_medium_20260813_0082__tm_20260821__generator_compare_v1,cvae_medium_20260813_0082,cvae,medium,1,1,20260821,controlled_generator_comparison_v1,D:\Xx\竞赛\大创实施ing\data\scenarios\generator_comparison_v1\configs\cvae_medium_20260813_0082__tm_20260821__generator_compare_v1.json,F:\Carla\test\output\generator_comparison_v1\cvae_medium_20260813_0082__tm_20260821__generator_compare_v1
48,4,12,lhs_high_20260813_0106__tm_20260823__generator_compare_v1,lhs_high_20260813_0106,lhs,high,3,3,20260823,controlled_generator_comparison_v1,D:\Xx\竞赛\大创实施ing\data\scenarios\generator_comparison_v1\configs\lhs_high_20260813_0106__tm_20260823__generator_compare_v1.json,F:\Carla\test\output\generator_comparison_v1\lhs_high_20260813_0106__tm_20260823__generator_compare_v1
49,5,13,lhs_critical_20260813_0055__tm_20260822__generator_compare_v1,lhs_critical_20260813_0055,lhs,critical,1,2,20260822,controlled_generator_comparison_v1,D:\Xx\竞赛\大创实施ing\data\scenarios\generator_comparison_v1\configs\lhs_critical_20260813_0055__tm_20260822__generator_compare_v1.json,F:\Carla\test\output\generator_comparison_v1\lhs_critical_20260813_0055__tm_20260822__generator_compare_v1
50,5,13,cvae_high_20260813_0067__tm_20260823__generator_compare_v1,cvae_high_20260813_0067,cvae,high,2,3,20260823,controlled_generator_comparison_v1,D:\Xx\竞赛\大创实施ing\data\scenarios\generator_comparison_v1\configs\cvae_high_20260813_0067__tm_20260823__generator_compare_v1.json,F:\Carla\test\output\generator_comparison_v1\cvae_high_20260813_0067__tm_20260823__generator_compare_v1
51,5,13,lhs_low_20260813_0128__tm_20260822__generator_compare_v1,lhs_low_20260813_0128,lhs,low,1,2,20260822,controlled_generator_comparison_v1,D:\Xx\竞赛\大创实施ing\data\scenarios\generator_comparison_v1\configs\lhs_low_20260813_0128__tm_20260822__generator_compare_v1.json,F:\Carla\test\output\generator_comparison_v1\lhs_low_20260813_0128__tm_20260822__generator_compare_v1
52,5,13,gmm_medium_20260813_0077__tm_20260821__generator_compare_v1,gmm_medium_20260813_0077,gmm,medium,3,1,20260821,controlled_generator_comparison_v1,D:\Xx\竞赛\大创实施ing\data\scenarios\generator_comparison_v1\configs\gmm_medium_20260813_0077__tm_20260821__generator_compare_v1.json,F:\Carla\test\output\generator_comparison_v1\gmm_medium_20260813_0077__tm_20260821__generator_compare_v1
53,5,14,cvae_medium_20260813_0082__tm_20260822__generator_compare_v1,cvae_medium_20260813_0082,cvae,medium,1,2,20260822,controlled_generator_comparison_v1,D:\Xx\竞赛\大创实施ing\data\scenarios\generator_comparison_v1\configs\cvae_medium_20260813_0082__tm_20260822__generator_compare_v1.json,F:\Carla\test\output\generator_comparison_v1\cvae_medium_20260813_0082__tm_20260822__generator_compare_v1
54,5,14,lhs_high_20260813_0106__tm_20260821__generator_compare_v1,lhs_high_20260813_0106,lhs,high,3,1,20260821,controlled_generator_comparison_v1,D:\Xx\竞赛\大创实施ing\data\scenarios\generator_comparison_v1\configs\lhs_high_20260813_0106__tm_20260821__generator_compare_v1.json,F:\Carla\test\output\generator_comparison_v1\lhs_high_20260813_0106__tm_20260821__generator_compare_v1
55,5,14,gmm_low_20260813_0012__tm_20260823__generator_compare_v1,gmm_low_20260813_0012,gmm,low,2,3,20260823,controlled_generator_comparison_v1,D:\Xx\竞赛\大创实施ing\data\scenarios\generator_comparison_v1\configs\gmm_low_20260813_0012__tm_20260823__generator_compare_v1.json,F:\Carla\test\output\generator_comparison_v1\gmm_low_20260813_0012__tm_20260823__generator_compare_v1
56,5,14,gmm_critical_20260813_0072__tm_20260823__generator_compare_v1,gmm_critical_20260813_0072,gmm,critical,2,3,20260823,controlled_generator_comparison_v1,D:\Xx\竞赛\大创实施ing\data\scenarios\generator_comparison_v1\configs\gmm_critical_20260813_0072__tm_20260823__generator_compare_v1.json,F:\Carla\test\output\generator_comparison_v1\gmm_critical_20260813_0072__tm_20260823__generator_compare_v1
57,5,15,cvae_critical_20260813_0030__tm_20260821__generator_compare_v1,cvae_critical_20260813_0030,cvae,critical,3,1,20260821,controlled_generator_comparison_v1,D:\Xx\竞赛\大创实施ing\data\scenarios\generator_comparison_v1\configs\cvae_critical_20260813_0030__tm_20260821__generator_compare_v1.json,F:\Carla\test\output\generator_comparison_v1\cvae_critical_20260813_0030__tm_20260821__generator_compare_v1
58,5,15,cvae_low_20260813_0034__tm_20260821__generator_compare_v1,cvae_low_20260813_0034,cvae,low,3,1,20260821,controlled_generator_comparison_v1,D:\Xx\竞赛\大创实施ing\data\scenarios\generator_comparison_v1\configs\cvae_low_20260813_0034__tm_20260821__generator_compare_v1.json,F:\Carla\test\output\generator_comparison_v1\cvae_low_20260813_0034__tm_20260821__generator_compare_v1
59,5,15,gmm_high_20260813_0049__tm_20260822__generator_compare_v1,gmm_high_20260813_0049,gmm,high,1,2,20260822,controlled_generator_comparison_v1,D:\Xx\竞赛\大创实施ing\data\scenarios\generator_comparison_v1\configs\gmm_high_20260813_0049__tm_20260822__generator_compare_v1.json,F:\Carla\test\output\generator_comparison_v1\gmm_high_20260813_0049__tm_20260822__generator_compare_v1
60,5,15,lhs_medium_20260813_0041__tm_20260823__generator_compare_v1,lhs_medium_20260813_0041,lhs,medium,2,3,20260823,controlled_generator_comparison_v1,D:\Xx\竞赛\大创实施ing\data\scenarios\generator_comparison_v1\configs\lhs_medium_20260813_0041__tm_20260823__generator_compare_v1.json,F:\Carla\test\output\generator_comparison_v1\lhs_medium_20260813_0041__tm_20260823__generator_compare_v1
61,6,16,cvae_low_20260813_0001__tm_20260822__generator_compare_v1,cvae_low_20260813_0001,cvae,low,1,2,20260822,controlled_generator_comparison_v1,D:\Xx\竞赛\大创实施ing\data\scenarios\generator_comparison_v1\configs\cvae_low_20260813_0001__tm_20260822__generator_compare_v1.json,F:\Carla\test\output\generator_comparison_v1\cvae_low_20260813_0001__tm_20260822__generator_compare_v1
62,6,16,lhs_medium_20260813_0026__tm_20260821__generator_compare_v1,lhs_medium_20260813_0026,lhs,medium,3,1,20260821,controlled_generator_comparison_v1,D:\Xx\竞赛\大创实施ing\data\scenarios\generator_comparison_v1\configs\lhs_medium_20260813_0026__tm_20260821__generator_compare_v1.json,F:\Carla\test\output\generator_comparison_v1\lhs_medium_20260813_0026__tm_20260821__generator_compare_v1
63,6,16,gmm_high_20260813_0079__tm_20260823__generator_compare_v1,gmm_high_20260813_0079,gmm,high,2,3,20260823,controlled_generator_comparison_v1,D:\Xx\竞赛\大创实施ing\data\scenarios\generator_comparison_v1\configs\gmm_high_20260813_0079__tm_20260823__generator_compare_v1.json,F:\Carla\test\output\generator_comparison_v1\gmm_high_20260813_0079__tm_20260823__generator_compare_v1
64,6,16,cvae_critical_20260813_0046__tm_20260822__generator_compare_v1,cvae_critical_20260813_0046,cvae,critical,1,2,20260822,controlled_generator_comparison_v1,D:\Xx\竞赛\大创实施ing\data\scenarios\generator_comparison_v1\configs\cvae_critical_20260813_0046__tm_20260822__generator_compare_v1.json,F:\Carla\test\output\generator_comparison_v1\cvae_critical_20260813_0046__tm_20260822__generator_compare_v1
65,6,17,lhs_low_20260813_0010__tm_20260823__generator_compare_v1,lhs_low_20260813_0010,lhs,low,2,3,20260823,controlled_generator_comparison_v1,D:\Xx\竞赛\大创实施ing\data\scenarios\generator_comparison_v1\configs\lhs_low_20260813_0010__tm_20260823__generator_compare_v1.json,F:\Carla\test\output\generator_comparison_v1\lhs_low_20260813_0010__tm_20260823__generator_compare_v1
66,6,17,lhs_critical_20260813_0036__tm_20260823__generator_compare_v1,lhs_critical_20260813_0036,lhs,critical,2,3,20260823,controlled_generator_comparison_v1,D:\Xx\竞赛\大创实施ing\data\scenarios\generator_comparison_v1\configs\lhs_critical_20260813_0036__tm_20260823__generator_compare_v1.json,F:\Carla\test\output\generator_comparison_v1\lhs_critical_20260813_0036__tm_20260823__generator_compare_v1
67,6,17,cvae_high_20260813_0043__tm_20260821__generator_compare_v1,cvae_high_20260813_0043,cvae,high,3,1,20260821,controlled_generator_comparison_v1,D:\Xx\竞赛\大创实施ing\data\scenarios\generator_comparison_v1\configs\cvae_high_20260813_0043__tm_20260821__generator_compare_v1.json,F:\Carla\test\output\generator_comparison_v1\cvae_high_20260813_0043__tm_20260821__generator_compare_v1
68,6,17,gmm_medium_20260813_0102__tm_20260822__generator_compare_v1,gmm_medium_20260813_0102,gmm,medium,1,2,20260822,controlled_generator_comparison_v1,D:\Xx\竞赛\大创实施ing\data\scenarios\generator_comparison_v1\configs\gmm_medium_20260813_0102__tm_20260822__generator_compare_v1.json,F:\Carla\test\output\generator_comparison_v1\gmm_medium_20260813_0102__tm_20260822__generator_compare_v1
69,6,18,gmm_critical_20260813_0004__tm_20260821__generator_compare_v1,gmm_critical_20260813_0004,gmm,critical,3,1,20260821,controlled_generator_comparison_v1,D:\Xx\竞赛\大创实施ing\data\scenarios\generator_comparison_v1\configs\gmm_critical_20260813_0004__tm_20260821__generator_compare_v1.json,F:\Carla\test\output\generator_comparison_v1\gmm_critical_20260813_0004__tm_20260821__generator_compare_v1
70,6,18,cvae_medium_20260813_0061__tm_20260823__generator_compare_v1,cvae_medium_20260813_0061,cvae,medium,2,3,20260823,controlled_generator_comparison_v1,D:\Xx\竞赛\大创实施ing\data\scenarios\generator_comparison_v1\configs\cvae_medium_20260813_0061__tm_20260823__generator_compare_v1.json,F:\Carla\test\output\generator_comparison_v1\cvae_medium_20260813_0061__tm_20260823__generator_compare_v1
71,6,18,gmm_low_20260813_0036__tm_20260821__generator_compare_v1,gmm_low_20260813_0036,gmm,low,3,1,20260821,controlled_generator_comparison_v1,D:\Xx\竞赛\大创实施ing\data\scenarios\generator_comparison_v1\configs\gmm_low_20260813_0036__tm_20260821__generator_compare_v1.json,F:\Carla\test\output\generator_comparison_v1\gmm_low_20260813_0036__tm_20260821__generator_compare_v1
72,6,18,lhs_high_20260813_0024__tm_20260822__generator_compare_v1,lhs_high_20260813_0024,lhs,high,1,2,20260822,controlled_generator_comparison_v1,D:\Xx\竞赛\大创实施ing\data\scenarios\generator_comparison_v1\configs\lhs_high_20260813_0024__tm_20260822__generator_compare_v1.json,F:\Carla\test\output\generator_comparison_v1\lhs_high_20260813_0024__tm_20260822__generator_compare_v1
73,7,19,cvae_medium_20260813_0103__tm_20260821__generator_compare_v1,cvae_medium_20260813_0103,cvae,medium,3,1,20260821,controlled_generator_comparison_v1,D:\Xx\竞赛\大创实施ing\data\scenarios\generator_comparison_v1\configs\cvae_medium_20260813_0103__tm_20260821__generator_compare_v1.json,F:\Carla\test\output\generator_comparison_v1\cvae_medium_20260813_0103__tm_20260821__generator_compare_v1
74,7,19,gmm_critical_20260813_0067__tm_20260822__generator_compare_v1,gmm_critical_20260813_0067,gmm,critical,1,2,20260822,controlled_generator_comparison_v1,D:\Xx\竞赛\大创实施ing\data\scenarios\generator_comparison_v1\configs\gmm_critical_20260813_0067__tm_20260822__generator_compare_v1.json,F:\Carla\test\output\generator_comparison_v1\gmm_critical_20260813_0067__tm_20260822__generator_compare_v1
75,7,19,lhs_high_20260813_0077__tm_20260823__generator_compare_v1,lhs_high_20260813_0077,lhs,high,2,3,20260823,controlled_generator_comparison_v1,D:\Xx\竞赛\大创实施ing\data\scenarios\generator_comparison_v1\configs\lhs_high_20260813_0077__tm_20260823__generator_compare_v1.json,F:\Carla\test\output\generator_comparison_v1\lhs_high_20260813_0077__tm_20260823__generator_compare_v1
76,7,19,gmm_low_20260813_0072__tm_20260822__generator_compare_v1,gmm_low_20260813_0072,gmm,low,1,2,20260822,controlled_generator_comparison_v1,D:\Xx\竞赛\大创实施ing\data\scenarios\generator_comparison_v1\configs\gmm_low_20260813_0072__tm_20260822__generator_compare_v1.json,F:\Carla\test\output\generator_comparison_v1\gmm_low_20260813_0072__tm_20260822__generator_compare_v1
77,7,20,gmm_high_20260813_0005__tm_20260821__generator_compare_v1,gmm_high_20260813_0005,gmm,high,3,1,20260821,controlled_generator_comparison_v1,D:\Xx\竞赛\大创实施ing\data\scenarios\generator_comparison_v1\configs\gmm_high_20260813_0005__tm_20260821__generator_compare_v1.json,F:\Carla\test\output\generator_comparison_v1\gmm_high_20260813_0005__tm_20260821__generator_compare_v1
78,7,20,lhs_medium_20260813_0110__tm_20260822__generator_compare_v1,lhs_medium_20260813_0110,lhs,medium,1,2,20260822,controlled_generator_comparison_v1,D:\Xx\竞赛\大创实施ing\data\scenarios\generator_comparison_v1\configs\lhs_medium_20260813_0110__tm_20260822__generator_compare_v1.json,F:\Carla\test\output\generator_comparison_v1\lhs_medium_20260813_0110__tm_20260822__generator_compare_v1
79,7,20,cvae_low_20260813_0115__tm_20260823__generator_compare_v1,cvae_low_20260813_0115,cvae,low,2,3,20260823,controlled_generator_comparison_v1,D:\Xx\竞赛\大创实施ing\data\scenarios\generator_comparison_v1\configs\cvae_low_20260813_0115__tm_20260823__generator_compare_v1.json,F:\Carla\test\output\generator_comparison_v1\cvae_low_20260813_0115__tm_20260823__generator_compare_v1
80,7,20,cvae_critical_20260813_0042__tm_20260823__generator_compare_v1,cvae_critical_20260813_0042,cvae,critical,2,3,20260823,controlled_generator_comparison_v1,D:\Xx\竞赛\大创实施ing\data\scenarios\generator_comparison_v1\configs\cvae_critical_20260813_0042__tm_20260823__generator_compare_v1.json,F:\Carla\test\output\generator_comparison_v1\cvae_critical_20260813_0042__tm_20260823__generator_compare_v1
81,7,21,gmm_medium_20260813_0010__tm_20260823__generator_compare_v1,gmm_medium_20260813_0010,gmm,medium,2,3,20260823,controlled_generator_comparison_v1,D:\Xx\竞赛\大创实施ing\data\scenarios\generator_comparison_v1\configs\gmm_medium_20260813_0010__tm_20260823__generator_compare_v1.json,F:\Carla\test\output\generator_comparison_v1\gmm_medium_20260813_0010__tm_20260823__generator_compare_v1
82,7,21,lhs_low_20260813_0077__tm_20260821__generator_compare_v1,lhs_low_20260813_0077,lhs,low,3,1,20260821,controlled_generator_comparison_v1,D:\Xx\竞赛\大创实施ing\data\scenarios\generator_comparison_v1\configs\lhs_low_20260813_0077__tm_20260821__generator_compare_v1.json,F:\Carla\test\output\generator_comparison_v1\lhs_low_20260813_0077__tm_20260821__generator_compare_v1
83,7,21,lhs_critical_20260813_0101__tm_20260821__generator_compare_v1,lhs_critical_20260813_0101,lhs,critical,3,1,20260821,controlled_generator_comparison_v1,D:\Xx\竞赛\大创实施ing\data\scenarios\generator_comparison_v1\configs\lhs_critical_20260813_0101__tm_20260821__generator_compare_v1.json,F:\Carla\test\output\generator_comparison_v1\lhs_critical_20260813_0101__tm_20260821__generator_compare_v1
84,7,21,cvae_high_20260813_0033__tm_20260822__generator_compare_v1,cvae_high_20260813_0033,cvae,high,1,2,20260822,controlled_generator_comparison_v1,D:\Xx\竞赛\大创实施ing\data\scenarios\generator_comparison_v1\configs\cvae_high_20260813_0033__tm_20260822__generator_compare_v1.json,F:\Carla\test\output\generator_comparison_v1\cvae_high_20260813_0033__tm_20260822__generator_compare_v1
85,8,22,cvae_low_20260813_0034__tm_20260822__generator_compare_v1,cvae_low_20260813_0034,cvae,low,3,2,20260822,controlled_generator_comparison_v1,D:\Xx\竞赛\大创实施ing\data\scenarios\generator_comparison_v1\configs\cvae_low_20260813_0034__tm_20260822__generator_compare_v1.json,F:\Carla\test\output\generator_comparison_v1\cvae_low_20260813_0034__tm_20260822__generator_compare_v1
86,8,22,lhs_medium_20260813_0041__tm_20260821__generator_compare_v1,lhs_medium_20260813_0041,lhs,medium,2,1,20260821,controlled_generator_comparison_v1,D:\Xx\竞赛\大创实施ing\data\scenarios\generator_comparison_v1\configs\lhs_medium_20260813_0041__tm_20260821__generator_compare_v1.json,F:\Carla\test\output\generator_comparison_v1\lhs_medium_20260813_0041__tm_20260821__generator_compare_v1
87,8,22,gmm_high_20260813_0049__tm_20260823__generator_compare_v1,gmm_high_20260813_0049,gmm,high,1,3,20260823,controlled_generator_comparison_v1,D:\Xx\竞赛\大创实施ing\data\scenarios\generator_comparison_v1\configs\gmm_high_20260813_0049__tm_20260823__generator_compare_v1.json,F:\Carla\test\output\generator_comparison_v1\gmm_high_20260813_0049__tm_20260823__generator_compare_v1
88,8,22,cvae_critical_20260813_0030__tm_20260822__generator_compare_v1,cvae_critical_20260813_0030,cvae,critical,3,2,20260822,controlled_generator_comparison_v1,D:\Xx\竞赛\大创实施ing\data\scenarios\generator_comparison_v1\configs\cvae_critical_20260813_0030__tm_20260822__generator_compare_v1.json,F:\Carla\test\output\generator_comparison_v1\cvae_critical_20260813_0030__tm_20260822__generator_compare_v1
89,8,23,lhs_critical_20260813_0055__tm_20260823__generator_compare_v1,lhs_critical_20260813_0055,lhs,critical,1,3,20260823,controlled_generator_comparison_v1,D:\Xx\竞赛\大创实施ing\data\scenarios\generator_comparison_v1\configs\lhs_critical_20260813_0055__tm_20260823__generator_compare_v1.json,F:\Carla\test\output\generator_comparison_v1\lhs_critical_20260813_0055__tm_20260823__generator_compare_v1
90,8,23,gmm_medium_20260813_0077__tm_20260822__generator_compare_v1,gmm_medium_20260813_0077,gmm,medium,3,2,20260822,controlled_generator_comparison_v1,D:\Xx\竞赛\大创实施ing\data\scenarios\generator_comparison_v1\configs\gmm_medium_20260813_0077__tm_20260822__generator_compare_v1.json,F:\Carla\test\output\generator_comparison_v1\gmm_medium_20260813_0077__tm_20260822__generator_compare_v1
91,8,23,cvae_high_20260813_0067__tm_20260821__generator_compare_v1,cvae_high_20260813_0067,cvae,high,2,1,20260821,controlled_generator_comparison_v1,D:\Xx\竞赛\大创实施ing\data\scenarios\generator_comparison_v1\configs\cvae_high_20260813_0067__tm_20260821__generator_compare_v1.json,F:\Carla\test\output\generator_comparison_v1\cvae_high_20260813_0067__tm_20260821__generator_compare_v1
92,8,23,lhs_low_20260813_0128__tm_20260823__generator_compare_v1,lhs_low_20260813_0128,lhs,low,1,3,20260823,controlled_generator_comparison_v1,D:\Xx\竞赛\大创实施ing\data\scenarios\generator_comparison_v1\configs\lhs_low_20260813_0128__tm_20260823__generator_compare_v1.json,F:\Carla\test\output\generator_comparison_v1\lhs_low_20260813_0128__tm_20260823__generator_compare_v1
93,8,24,gmm_low_20260813_0012__tm_20260821__generator_compare_v1,gmm_low_20260813_0012,gmm,low,2,1,20260821,controlled_generator_comparison_v1,D:\Xx\竞赛\大创实施ing\data\scenarios\generator_comparison_v1\configs\gmm_low_20260813_0012__tm_20260821__generator_compare_v1.json,F:\Carla\test\output\generator_comparison_v1\gmm_low_20260813_0012__tm_20260821__generator_compare_v1
94,8,24,lhs_high_20260813_0106__tm_20260822__generator_compare_v1,lhs_high_20260813_0106,lhs,high,3,2,20260822,controlled_generator_comparison_v1,D:\Xx\竞赛\大创实施ing\data\scenarios\generator_comparison_v1\configs\lhs_high_20260813_0106__tm_20260822__generator_compare_v1.json,F:\Carla\test\output\generator_comparison_v1\lhs_high_20260813_0106__tm_20260822__generator_compare_v1
95,8,24,cvae_medium_20260813_0082__tm_20260823__generator_compare_v1,cvae_medium_20260813_0082,cvae,medium,1,3,20260823,controlled_generator_comparison_v1,D:\Xx\竞赛\大创实施ing\data\scenarios\generator_comparison_v1\configs\cvae_medium_20260813_0082__tm_20260823__generator_compare_v1.json,F:\Carla\test\output\generator_comparison_v1\cvae_medium_20260813_0082__tm_20260823__generator_compare_v1
96,8,24,gmm_critical_20260813_0072__tm_20260821__generator_compare_v1,gmm_critical_20260813_0072,gmm,critical,2,1,20260821,controlled_generator_comparison_v1,D:\Xx\竞赛\大创实施ing\data\scenarios\generator_comparison_v1\configs\gmm_critical_20260813_0072__tm_20260821__generator_compare_v1.json,F:\Carla\test\output\generator_comparison_v1\gmm_critical_20260813_0072__tm_20260821__generator_compare_v1
97,9,25,lhs_critical_20260813_0101__tm_20260823__generator_compare_v1,lhs_critical_20260813_0101,lhs,critical,3,3,20260823,controlled_generator_comparison_v1,D:\Xx\竞赛\大创实施ing\data\scenarios\generator_comparison_v1\configs\lhs_critical_20260813_0101__tm_20260823__generator_compare_v1.json,F:\Carla\test\output\generator_comparison_v1\lhs_critical_20260813_0101__tm_20260823__generator_compare_v1
98,9,25,cvae_high_20260813_0033__tm_20260821__generator_compare_v1,cvae_high_20260813_0033,cvae,high,1,1,20260821,controlled_generator_comparison_v1,D:\Xx\竞赛\大创实施ing\data\scenarios\generator_comparison_v1\configs\cvae_high_20260813_0033__tm_20260821__generator_compare_v1.json,F:\Carla\test\output\generator_comparison_v1\cvae_high_20260813_0033__tm_20260821__generator_compare_v1
99,9,25,lhs_low_20260813_0077__tm_20260823__generator_compare_v1,lhs_low_20260813_0077,lhs,low,3,3,20260823,controlled_generator_comparison_v1,D:\Xx\竞赛\大创实施ing\data\scenarios\generator_comparison_v1\configs\lhs_low_20260813_0077__tm_20260823__generator_compare_v1.json,F:\Carla\test\output\generator_comparison_v1\lhs_low_20260813_0077__tm_20260823__generator_compare_v1
100,9,25,gmm_medium_20260813_0010__tm_20260822__generator_compare_v1,gmm_medium_20260813_0010,gmm,medium,2,2,20260822,controlled_generator_comparison_v1,D:\Xx\竞赛\大创实施ing\data\scenarios\generator_comparison_v1\configs\gmm_medium_20260813_0010__tm_20260822__generator_compare_v1.json,F:\Carla\test\output\generator_comparison_v1\gmm_medium_20260813_0010__tm_20260822__generator_compare_v1
101,9,26,gmm_low_20260813_0072__tm_20260821__generator_compare_v1,gmm_low_20260813_0072,gmm,low,1,1,20260821,controlled_generator_comparison_v1,D:\Xx\竞赛\大创实施ing\data\scenarios\generator_comparison_v1\configs\gmm_low_20260813_0072__tm_20260821__generator_compare_v1.json,F:\Carla\test\output\generator_comparison_v1\gmm_low_20260813_0072__tm_20260821__generator_compare_v1
102,9,26,gmm_critical_20260813_0067__tm_20260821__generator_compare_v1,gmm_critical_20260813_0067,gmm,critical,1,1,20260821,controlled_generator_comparison_v1,D:\Xx\竞赛\大创实施ing\data\scenarios\generator_comparison_v1\configs\gmm_critical_20260813_0067__tm_20260821__generator_compare_v1.json,F:\Carla\test\output\generator_comparison_v1\gmm_critical_20260813_0067__tm_20260821__generator_compare_v1
103,9,26,lhs_high_20260813_0077__tm_20260822__generator_compare_v1,lhs_high_20260813_0077,lhs,high,2,2,20260822,controlled_generator_comparison_v1,D:\Xx\竞赛\大创实施ing\data\scenarios\generator_comparison_v1\configs\lhs_high_20260813_0077__tm_20260822__generator_compare_v1.json,F:\Carla\test\output\generator_comparison_v1\lhs_high_20260813_0077__tm_20260822__generator_compare_v1
104,9,26,cvae_medium_20260813_0103__tm_20260823__generator_compare_v1,cvae_medium_20260813_0103,cvae,medium,3,3,20260823,controlled_generator_comparison_v1,D:\Xx\竞赛\大创实施ing\data\scenarios\generator_comparison_v1\configs\cvae_medium_20260813_0103__tm_20260823__generator_compare_v1.json,F:\Carla\test\output\generator_comparison_v1\cvae_medium_20260813_0103__tm_20260823__generator_compare_v1
105,9,27,cvae_critical_20260813_0042__tm_20260822__generator_compare_v1,cvae_critical_20260813_0042,cvae,critical,2,2,20260822,controlled_generator_comparison_v1,D:\Xx\竞赛\大创实施ing\data\scenarios\generator_comparison_v1\configs\cvae_critical_20260813_0042__tm_20260822__generator_compare_v1.json,F:\Carla\test\output\generator_comparison_v1\cvae_critical_20260813_0042__tm_20260822__generator_compare_v1
106,9,27,lhs_medium_20260813_0110__tm_20260821__generator_compare_v1,lhs_medium_20260813_0110,lhs,medium,1,1,20260821,controlled_generator_comparison_v1,D:\Xx\竞赛\大创实施ing\data\scenarios\generator_comparison_v1\configs\lhs_medium_20260813_0110__tm_20260821__generator_compare_v1.json,F:\Carla\test\output\generator_comparison_v1\lhs_medium_20260813_0110__tm_20260821__generator_compare_v1
107,9,27,gmm_high_20260813_0005__tm_20260823__generator_compare_v1,gmm_high_20260813_0005,gmm,high,3,3,20260823,controlled_generator_comparison_v1,D:\Xx\竞赛\大创实施ing\data\scenarios\generator_comparison_v1\configs\gmm_high_20260813_0005__tm_20260823__generator_compare_v1.json,F:\Carla\test\output\generator_comparison_v1\gmm_high_20260813_0005__tm_20260823__generator_compare_v1
108,9,27,cvae_low_20260813_0115__tm_20260822__generator_compare_v1,cvae_low_20260813_0115,cvae,low,2,2,20260822,controlled_generator_comparison_v1,D:\Xx\竞赛\大创实施ing\data\scenarios\generator_comparison_v1\configs\cvae_low_20260813_0115__tm_20260822__generator_compare_v1.json,F:\Carla\test\output\generator_comparison_v1\cvae_low_20260813_0115__tm_20260822__generator_compare_v1
