run_id,sample_id,target_risk_level,traffic_manager_seed,repeat_round,source,status,acceptance_status,acceptance_failures,runtime_verified,observed_risk_level,risk_score,target_match,collision_count,minimum_ttc_seconds,minimum_lead_gap_m,minimum_pedestrian_distance_m,sensor_status,server_status,route_status,route_ego_on_route_rate,route_lead_on_route_rate,route_both_on_route_rate,route_maximum_ego_deviation_m,route_maximum_lead_deviation_m,route_verified,rgb_frames,run_dir,metadata_path,generator,group_index,part_index,run_order
cvae_critical_20260813_0030__tm_20260821__generator_compare_v1,cvae_critical_20260813_0030,critical,20260821,1,controlled_generator_comparison_v1,completed,completed,,True,medium,46.29,False,0,1.716,4.393,6.617,completed,healthy,completed,1.0,1.0,1.0,0.992,0.997,True,100,F:\Carla\test\output\generator_comparison_v1\cvae_critical_20260813_0030__tm_20260821__generator_compare_v1\20260814_203316,F:\Carla\test\output\generator_comparison_v1\cvae_critical_20260813_0030__tm_20260821__generator_compare_v1\20260814_203316\metadata.json,cvae,5,15,57
cvae_critical_20260813_0030__tm_20260822__generator_compare_v1,cvae_critical_20260813_0030,critical,20260822,2,controlled_generator_comparison_v1,completed,completed,,True,medium,47.891,False,0,1.625,3.949,6.116,completed,healthy,completed,1.0,1.0,1.0,0.992,0.996,True,100,F:\Carla\test\output\generator_comparison_v1\cvae_critical_20260813_0030__tm_20260822__generator_compare_v1\20260814_205206,F:\Carla\test\output\generator_comparison_v1\cvae_critical_20260813_0030__tm_20260822__generator_compare_v1\20260814_205206\metadata.json,cvae,8,22,88
cvae_critical_20260813_0030__tm_20260823__generator_compare_v1,cvae_critical_20260813_0030,critical,20260823,3,controlled_generator_comparison_v1,completed,completed,,True,medium,46.748,False,0,1.725,4.149,6.386,completed,healthy,completed,1.0,1.0,1.0,0.992,1.0,True,100,F:\Carla\test\output\generator_comparison_v1\cvae_critical_20260813_0030__tm_20260823__generator_compare_v1\20260814_202123,F:\Carla\test\output\generator_comparison_v1\cvae_critical_20260813_0030__tm_20260823__generator_compare_v1\20260814_202123\metadata.json,cvae,4,10,37
cvae_critical_20260813_0042__tm_20260821__generator_compare_v1,cvae_critical_20260813_0042,critical,20260821,1,controlled_generator_comparison_v1,completed,completed,,True,medium,47.197,False,0,1.687,4.179,6.179,completed,healthy,completed,1.0,1.0,1.0,0.992,0.999,True,100,F:\Carla\test\output\generator_comparison_v1\cvae_critical_20260813_0042__tm_20260821__generator_compare_v1\20260814_200951,F:\Carla\test\output\generator_comparison_v1\cvae_critical_20260813_0042__tm_20260821__generator_compare_v1\20260814_200951\metadata.json,cvae,2,5,19
cvae_critical_20260813_0042__tm_20260822__generator_compare_v1,cvae_critical_20260813_0042,critical,20260822,2,controlled_generator_comparison_v1,completed,completed,,True,medium,49.305,False,0,1.509,3.886,5.913,completed,healthy,completed,1.0,1.0,1.0,0.998,0.997,True,100,F:\Carla\test\output\generator_comparison_v1\cvae_critical_20260813_0042__tm_20260822__generator_compare_v1\20260814_210231,F:\Carla\test\output\generator_comparison_v1\cvae_critical_20260813_0042__tm_20260822__generator_compare_v1\20260814_210231\metadata.json,cvae,9,27,105
cvae_critical_20260813_0042__tm_20260823__generator_compare_v1,cvae_critical_20260813_0042,critical,20260823,3,controlled_generator_comparison_v1,completed,completed,,True,medium,47.544,False,0,1.66,4.107,6.133,completed,healthy,completed,1.0,1.0,1.0,0.992,0.997,True,100,F:\Carla\test\output\generator_comparison_v1\cvae_critical_20260813_0042__tm_20260823__generator_compare_v1\20260814_204701,F:\Carla\test\output\generator_comparison_v1\cvae_critical_20260813_0042__tm_20260823__generator_compare_v1\20260814_204701\metadata.json,cvae,7,20,80
cvae_critical_20260813_0046__tm_20260821__generator_compare_v1,cvae_critical_20260813_0046,critical,20260821,1,controlled_generator_comparison_v1,completed,completed,,True,high,53.069,False,0,1.729,4.344,3.259,completed,healthy,completed,1.0,1.0,1.0,0.992,0.996,True,100,F:\Carla\test\output\generator_comparison_v1\cvae_critical_20260813_0046__tm_20260821__generator_compare_v1\20260814_201935,F:\Carla\test\output\generator_comparison_v1\cvae_critical_20260813_0046__tm_20260821__generator_compare_v1\20260814_201935\metadata.json,cvae,3,9,35
cvae_critical_20260813_0046__tm_20260822__generator_compare_v1,cvae_critical_20260813_0046,critical,20260822,2,controlled_generator_comparison_v1,completed,completed,,True,high,52.977,False,0,1.735,4.367,3.259,completed,healthy,completed,1.0,1.0,1.0,0.992,0.997,True,100,F:\Carla\test\output\generator_comparison_v1\cvae_critical_20260813_0046__tm_20260822__generator_compare_v1\20260814_203729,F:\Carla\test\output\generator_comparison_v1\cvae_critical_20260813_0046__tm_20260822__generator_compare_v1\20260814_203729\metadata.json,cvae,6,16,64
cvae_critical_20260813_0046__tm_20260823__generator_compare_v1,cvae_critical_20260813_0046,critical,20260823,3,controlled_generator_comparison_v1,completed,completed,,True,high,53.141,False,0,1.723,4.335,3.255,completed,healthy,completed,1.0,1.0,1.0,0.999,0.995,True,100,F:\Carla\test\output\generator_comparison_v1\cvae_critical_20260813_0046__tm_20260823__generator_compare_v1\20260814_200014,F:\Carla\test\output\generator_comparison_v1\cvae_critical_20260813_0046__tm_20260823__generator_compare_v1\20260814_200014\metadata.json,cvae,1,1,3
cvae_high_20260813_0033__tm_20260821__generator_compare_v1,cvae_high_20260813_0033,high,20260821,1,controlled_generator_comparison_v1,completed,completed,,True,medium,46.018,False,0,1.178,4.297,5.229,completed,healthy,completed,1.0,1.0,1.0,0.996,0.998,True,100,F:\Carla\test\output\generator_comparison_v1\cvae_high_20260813_0033__tm_20260821__generator_compare_v1\20260814_205827,F:\Carla\test\output\generator_comparison_v1\cvae_high_20260813_0033__tm_20260821__generator_compare_v1\20260814_205827\metadata.json,cvae,9,25,98
cvae_high_20260813_0033__tm_20260822__generator_compare_v1,cvae_high_20260813_0033,high,20260822,2,controlled_generator_comparison_v1,completed,completed,,True,medium,45.242,False,0,1.175,4.669,5.229,completed,healthy,completed,1.0,1.0,1.0,0.992,0.998,True,100,F:\Carla\test\output\generator_comparison_v1\cvae_high_20260813_0033__tm_20260822__generator_compare_v1\20260814_204918,F:\Carla\test\output\generator_comparison_v1\cvae_high_20260813_0033__tm_20260822__generator_compare_v1\20260814_204918\metadata.json,cvae,7,21,84
cvae_high_20260813_0033__tm_20260823__generator_compare_v1,cvae_high_20260813_0033,high,20260823,3,controlled_generator_comparison_v1,completed,completed,,True,medium,45.98,False,0,1.177,4.318,5.229,completed,healthy,completed,1.0,1.0,1.0,0.993,0.998,True,100,F:\Carla\test\output\generator_comparison_v1\cvae_high_20260813_0033__tm_20260823__generator_compare_v1\20260814_201141,F:\Carla\test\output\generator_comparison_v1\cvae_high_20260813_0033__tm_20260823__generator_compare_v1\20260814_201141\metadata.json,cvae,2,6,22
cvae_high_20260813_0043__tm_20260821__generator_compare_v1,cvae_high_20260813_0043,high,20260821,1,controlled_generator_comparison_v1,completed,completed,,True,medium,40.734,False,0,1.347,4.382,9.548,completed,healthy,completed,1.0,1.0,1.0,0.992,0.999,True,100,F:\Carla\test\output\generator_comparison_v1\cvae_high_20260813_0043__tm_20260821__generator_compare_v1\20260814_203916,F:\Carla\test\output\generator_comparison_v1\cvae_high_20260813_0043__tm_20260821__generator_compare_v1\20260814_203916\metadata.json,cvae,6,17,67
cvae_high_20260813_0043__tm_20260822__generator_compare_v1,cvae_high_20260813_0043,high,20260822,2,controlled_generator_comparison_v1,completed,completed,,True,medium,40.013,False,0,1.352,4.702,9.55,completed,healthy,completed,1.0,1.0,1.0,0.992,0.999,True,100,F:\Carla\test\output\generator_comparison_v1\cvae_high_20260813_0043__tm_20260822__generator_compare_v1\20260814_200301,F:\Carla\test\output\generator_comparison_v1\cvae_high_20260813_0043__tm_20260822__generator_compare_v1\20260814_200301\metadata.json,cvae,1,2,8
cvae_high_20260813_0043__tm_20260823__generator_compare_v1,cvae_high_20260813_0043,high,20260823,3,controlled_generator_comparison_v1,completed,completed,,True,medium,41.563,False,0,1.344,4.005,9.545,completed,healthy,completed,1.0,1.0,1.0,0.997,1.0,True,100,F:\Carla\test\output\generator_comparison_v1\cvae_high_20260813_0043__tm_20260823__generator_compare_v1\20260814_201458,F:\Carla\test\output\generator_comparison_v1\cvae_high_20260813_0043__tm_20260823__generator_compare_v1\20260814_201458\metadata.json,cvae,3,7,27
cvae_high_20260813_0067__tm_20260821__generator_compare_v1,cvae_high_20260813_0067,high,20260821,1,controlled_generator_comparison_v1,completed,completed,,True,medium,42.754,False,0,1.182,4.504,9.069,completed,healthy,completed,1.0,1.0,1.0,0.997,0.998,True,100,F:\Carla\test\output\generator_comparison_v1\cvae_high_20260813_0067__tm_20260821__generator_compare_v1\20260814_205354,F:\Carla\test\output\generator_comparison_v1\cvae_high_20260813_0067__tm_20260821__generator_compare_v1\20260814_205354\metadata.json,cvae,8,23,91
cvae_high_20260813_0067__tm_20260822__generator_compare_v1,cvae_high_20260813_0067,high,20260822,2,controlled_generator_comparison_v1,completed,completed,,True,medium,42.711,False,0,1.182,4.524,9.068,completed,healthy,completed,1.0,1.0,1.0,0.995,0.998,True,100,F:\Carla\test\output\generator_comparison_v1\cvae_high_20260813_0067__tm_20260822__generator_compare_v1\20260814_202437,F:\Carla\test\output\generator_comparison_v1\cvae_high_20260813_0067__tm_20260822__generator_compare_v1\20260814_202437\metadata.json,cvae,4,11,43
cvae_high_20260813_0067__tm_20260823__generator_compare_v1,cvae_high_20260813_0067,high,20260823,3,controlled_generator_comparison_v1,completed,completed,,True,medium,42.755,False,0,1.181,4.507,9.068,completed,healthy,completed,1.0,1.0,1.0,0.997,0.998,True,100,F:\Carla\test\output\generator_comparison_v1\cvae_high_20260813_0067__tm_20260823__generator_compare_v1\20260814_202911,F:\Carla\test\output\generator_comparison_v1\cvae_high_20260813_0067__tm_20260823__generator_compare_v1\20260814_202911\metadata.json,cvae,5,13,50
cvae_low_20260813_0001__tm_20260821__generator_compare_v1,cvae_low_20260813_0001,low,20260821,1,controlled_generator_comparison_v1,completed,completed,,True,medium,26.567,False,0,1.529,3.912,10.675,completed,healthy,completed,1.0,1.0,1.0,1.005,1.04,True,100,F:\Carla\test\output\generator_comparison_v1\cvae_low_20260813_0001__tm_20260821__generator_compare_v1\20260814_202004,F:\Carla\test\output\generator_comparison_v1\cvae_low_20260813_0001__tm_20260821__generator_compare_v1\20260814_202004\metadata.json,cvae,3,9,36
cvae_low_20260813_0001__tm_20260822__generator_compare_v1,cvae_low_20260813_0001,low,20260822,2,controlled_generator_comparison_v1,completed,completed,,True,low,24.256,True,0,1.659,4.557,10.676,completed,healthy,completed,1.0,1.0,1.0,1.0,1.074,True,100,F:\Carla\test\output\generator_comparison_v1\cvae_low_20260813_0001__tm_20260822__generator_compare_v1\20260814_203602,F:\Carla\test\output\generator_comparison_v1\cvae_low_20260813_0001__tm_20260822__generator_compare_v1\20260814_203602\metadata.json,cvae,6,16,61
cvae_low_20260813_0001__tm_20260823__generator_compare_v1,cvae_low_20260813_0001,low,20260823,3,controlled_generator_comparison_v1,completed,completed,,True,low,24.8,True,0,1.657,4.31,10.678,completed,healthy,completed,1.0,1.0,1.0,1.015,1.073,True,100,F:\Carla\test\output\generator_comparison_v1\cvae_low_20260813_0001__tm_20260823__generator_compare_v1\20260814_195945,F:\Carla\test\output\generator_comparison_v1\cvae_low_20260813_0001__tm_20260823__generator_compare_v1\20260814_195945\metadata.json,cvae,1,1,2
cvae_low_20260813_0034__tm_20260821__generator_compare_v1,cvae_low_20260813_0034,low,20260821,1,controlled_generator_comparison_v1,completed,completed,,True,low,24.002,True,0,1.706,4.448,11.283,completed,healthy,completed,1.0,1.0,1.0,0.997,0.996,True,100,F:\Carla\test\output\generator_comparison_v1\cvae_low_20260813_0034__tm_20260821__generator_compare_v1\20260814_203345,F:\Carla\test\output\generator_comparison_v1\cvae_low_20260813_0034__tm_20260821__generator_compare_v1\20260814_203345\metadata.json,cvae,5,15,58
cvae_low_20260813_0034__tm_20260822__generator_compare_v1,cvae_low_20260813_0034,low,20260822,2,controlled_generator_comparison_v1,completed,completed,,True,low,24.293,True,0,1.688,4.372,11.283,completed,healthy,completed,1.0,1.0,1.0,0.992,0.998,True,100,F:\Carla\test\output\generator_comparison_v1\cvae_low_20260813_0034__tm_20260822__generator_compare_v1\20260814_205039,F:\Carla\test\output\generator_comparison_v1\cvae_low_20260813_0034__tm_20260822__generator_compare_v1\20260814_205039\metadata.json,cvae,8,22,85
cvae_low_20260813_0034__tm_20260823__generator_compare_v1,cvae_low_20260813_0034,low,20260823,3,controlled_generator_comparison_v1,completed,completed,,True,low,24.946,True,0,1.693,4.051,11.283,completed,healthy,completed,1.0,1.0,1.0,0.992,1.051,True,100,F:\Carla\test\output\generator_comparison_v1\cvae_low_20260813_0034__tm_20260823__generator_compare_v1\20260814_202221,F:\Carla\test\output\generator_comparison_v1\cvae_low_20260813_0034__tm_20260823__generator_compare_v1\20260814_202221\metadata.json,cvae,4,10,39
cvae_low_20260813_0115__tm_20260821__generator_compare_v1,cvae_low_20260813_0115,low,20260821,1,controlled_generator_comparison_v1,completed,completed,,True,low,23.393,True,0,1.803,4.437,11.056,completed,healthy,completed,1.0,1.0,1.0,1.035,1.063,True,100,F:\Carla\test\output\generator_comparison_v1\cvae_low_20260813_0115__tm_20260821__generator_compare_v1\20260814_201021,F:\Carla\test\output\generator_comparison_v1\cvae_low_20260813_0115__tm_20260821__generator_compare_v1\20260814_201021\metadata.json,cvae,2,5,20
cvae_low_20260813_0115__tm_20260822__generator_compare_v1,cvae_low_20260813_0115,low,20260822,2,controlled_generator_comparison_v1,completed,completed,,True,low,24.033,True,0,1.672,4.575,11.054,completed,healthy,completed,1.0,1.0,1.0,1.033,1.069,True,100,F:\Carla\test\output\generator_comparison_v1\cvae_low_20260813_0115__tm_20260822__generator_compare_v1\20260814_210359,F:\Carla\test\output\generator_comparison_v1\cvae_low_20260813_0115__tm_20260822__generator_compare_v1\20260814_210359\metadata.json,cvae,9,27,108
cvae_low_20260813_0115__tm_20260823__generator_compare_v1,cvae_low_20260813_0115,low,20260823,3,controlled_generator_comparison_v1,completed,completed,,True,low,23.859,True,0,1.694,4.583,11.056,completed,healthy,completed,1.0,1.0,1.0,1.003,1.061,True,100,F:\Carla\test\output\generator_comparison_v1\cvae_low_20260813_0115__tm_20260823__generator_compare_v1\20260814_204632,F:\Carla\test\output\generator_comparison_v1\cvae_low_20260813_0115__tm_20260823__generator_compare_v1\20260814_204632\metadata.json,cvae,7,20,79
cvae_medium_20260813_0061__tm_20260821__generator_compare_v1,cvae_medium_20260813_0061,medium,20260821,1,controlled_generator_comparison_v1,completed,completed,,True,medium,25.469,True,0,1.778,4.61,8.784,completed,healthy,completed,1.0,1.0,1.0,0.995,0.995,True,100,F:\Carla\test\output\generator_comparison_v1\cvae_medium_20260813_0061__tm_20260821__generator_compare_v1\20260814_200419,F:\Carla\test\output\generator_comparison_v1\cvae_medium_20260813_0061__tm_20260821__generator_compare_v1\20260814_200419\metadata.json,cvae,1,3,10
cvae_medium_20260813_0061__tm_20260822__generator_compare_v1,cvae_medium_20260813_0061,medium,20260822,2,controlled_generator_comparison_v1,completed,completed,,True,medium,26.8,True,0,1.694,4.269,8.787,completed,healthy,completed,1.0,1.0,1.0,1.0,0.995,True,100,F:\Carla\test\output\generator_comparison_v1\cvae_medium_20260813_0061__tm_20260822__generator_compare_v1\20260814_201716,F:\Carla\test\output\generator_comparison_v1\cvae_medium_20260813_0061__tm_20260822__generator_compare_v1\20260814_201716\metadata.json,cvae,3,8,31
cvae_medium_20260813_0061__tm_20260823__generator_compare_v1,cvae_medium_20260813_0061,medium,20260823,3,controlled_generator_comparison_v1,completed,completed,,True,medium,27.295,True,0,1.592,4.378,8.784,completed,healthy,completed,1.0,1.0,1.0,0.999,0.999,True,100,F:\Carla\test\output\generator_comparison_v1\cvae_medium_20260813_0061__tm_20260823__generator_compare_v1\20260814_204103,F:\Carla\test\output\generator_comparison_v1\cvae_medium_20260813_0061__tm_20260823__generator_compare_v1\20260814_204103\metadata.json,cvae,6,18,70
cvae_medium_20260813_0082__tm_20260821__generator_compare_v1,cvae_medium_20260813_0082,medium,20260821,1,controlled_generator_comparison_v1,completed,completed,,True,medium,29.043,True,0,1.641,4.047,9.261,completed,healthy,completed,1.0,1.0,1.0,1.0,0.999,True,100,F:\Carla\test\output\generator_comparison_v1\cvae_medium_20260813_0082__tm_20260821__generator_compare_v1\20260814_202653,F:\Carla\test\output\generator_comparison_v1\cvae_medium_20260813_0082__tm_20260821__generator_compare_v1\20260814_202653\metadata.json,cvae,4,12,47
cvae_medium_20260813_0082__tm_20260822__generator_compare_v1,cvae_medium_20260813_0082,medium,20260822,2,controlled_generator_comparison_v1,completed,completed,,True,medium,27.059,True,0,1.706,4.756,9.26,completed,healthy,completed,1.0,1.0,1.0,0.994,0.998,True,100,F:\Carla\test\output\generator_comparison_v1\cvae_medium_20260813_0082__tm_20260822__generator_compare_v1\20260814_203058,F:\Carla\test\output\generator_comparison_v1\cvae_medium_20260813_0082__tm_20260822__generator_compare_v1\20260814_203058\metadata.json,cvae,5,14,53
cvae_medium_20260813_0082__tm_20260823__generator_compare_v1,cvae_medium_20260813_0082,medium,20260823,3,controlled_generator_comparison_v1,completed,completed,,True,medium,29.166,True,0,1.502,4.453,9.263,completed,healthy,completed,1.0,1.0,1.0,1.0,0.997,True,100,F:\Carla\test\output\generator_comparison_v1\cvae_medium_20260813_0082__tm_20260823__generator_compare_v1\20260814_205610,F:\Carla\test\output\generator_comparison_v1\cvae_medium_20260813_0082__tm_20260823__generator_compare_v1\20260814_205610\metadata.json,cvae,8,24,95
cvae_medium_20260813_0103__tm_20260821__generator_compare_v1,cvae_medium_20260813_0103,medium,20260821,1,controlled_generator_comparison_v1,completed,completed,,True,medium,27.319,True,0,1.728,4.417,10.234,completed,healthy,completed,1.0,1.0,1.0,0.998,0.995,True,100,F:\Carla\test\output\generator_comparison_v1\cvae_medium_20260813_0103__tm_20260821__generator_compare_v1\20260814_204319,F:\Carla\test\output\generator_comparison_v1\cvae_medium_20260813_0103__tm_20260821__generator_compare_v1\20260814_204319\metadata.json,cvae,7,19,73
cvae_medium_20260813_0103__tm_20260822__generator_compare_v1,cvae_medium_20260813_0103,medium,20260822,2,controlled_generator_comparison_v1,completed,completed,,True,medium,27.667,True,0,1.684,4.401,10.227,completed,healthy,completed,1.0,1.0,1.0,0.999,0.995,True,100,F:\Carla\test\output\generator_comparison_v1\cvae_medium_20260813_0103__tm_20260822__generator_compare_v1\20260814_200735,F:\Carla\test\output\generator_comparison_v1\cvae_medium_20260813_0103__tm_20260822__generator_compare_v1\20260814_200735\metadata.json,cvae,2,4,15
cvae_medium_20260813_0103__tm_20260823__generator_compare_v1,cvae_medium_20260813_0103,medium,20260823,3,controlled_generator_comparison_v1,completed,completed,,True,medium,27.611,True,0,1.688,4.414,10.23,completed,healthy,completed,1.0,1.0,1.0,1.0,0.995,True,100,F:\Carla\test\output\generator_comparison_v1\cvae_medium_20260813_0103__tm_20260823__generator_compare_v1\20260814_210142,F:\Carla\test\output\generator_comparison_v1\cvae_medium_20260813_0103__tm_20260823__generator_compare_v1\20260814_210142\metadata.json,cvae,9,26,104
gmm_critical_20260813_0004__tm_20260821__generator_compare_v1,gmm_critical_20260813_0004,critical,20260821,1,controlled_generator_comparison_v1,completed,completed,,True,critical,85.421,True,6,1.135,4.59,1.59,completed,healthy,completed,1.0,1.0,1.0,1.0,1.0,True,100,F:\Carla\test\output\generator_comparison_v1\gmm_critical_20260813_0004__tm_20260821__generator_compare_v1\20260814_204034,F:\Carla\test\output\generator_comparison_v1\gmm_critical_20260813_0004__tm_20260821__generator_compare_v1\20260814_204034\metadata.json,gmm,6,18,69
gmm_critical_20260813_0004__tm_20260822__generator_compare_v1,gmm_critical_20260813_0004,critical,20260822,2,controlled_generator_comparison_v1,completed,completed,,True,critical,85.416,True,6,1.023,4.967,1.589,completed,healthy,completed,1.0,1.0,1.0,0.998,1.0,True,100,F:\Carla\test\output\generator_comparison_v1\gmm_critical_20260813_0004__tm_20260822__generator_compare_v1\20260814_200350,F:\Carla\test\output\generator_comparison_v1\gmm_critical_20260813_0004__tm_20260822__generator_compare_v1\20260814_200350\metadata.json,gmm,1,3,9
gmm_critical_20260813_0004__tm_20260823__generator_compare_v1,gmm_critical_20260813_0004,critical,20260823,3,controlled_generator_comparison_v1,completed,completed,,True,critical,85.44,True,6,1.022,4.959,1.589,completed,healthy,completed,1.0,1.0,1.0,0.996,1.0,True,100,F:\Carla\test\output\generator_comparison_v1\gmm_critical_20260813_0004__tm_20260823__generator_compare_v1\20260814_201646,F:\Carla\test\output\generator_comparison_v1\gmm_critical_20260813_0004__tm_20260823__generator_compare_v1\20260814_201646\metadata.json,gmm,3,8,30
gmm_critical_20260813_0067__tm_20260821__generator_compare_v1,gmm_critical_20260813_0067,critical,20260821,1,controlled_generator_comparison_v1,completed,completed,,True,critical,79.315,True,1,1.491,4.653,2.679,completed,healthy,completed,1.0,1.0,1.0,0.992,0.999,True,100,F:\Carla\test\output\generator_comparison_v1\gmm_critical_20260813_0067__tm_20260821__generator_compare_v1\20260814_210044,F:\Carla\test\output\generator_comparison_v1\gmm_critical_20260813_0067__tm_20260821__generator_compare_v1\20260814_210044\metadata.json,gmm,9,26,102
gmm_critical_20260813_0067__tm_20260822__generator_compare_v1,gmm_critical_20260813_0067,critical,20260822,2,controlled_generator_comparison_v1,completed,completed,,True,critical,79.576,True,1,1.461,4.63,2.68,completed,healthy,completed,1.0,1.0,1.0,0.992,0.999,True,100,F:\Carla\test\output\generator_comparison_v1\gmm_critical_20260813_0067__tm_20260822__generator_compare_v1\20260814_204348,F:\Carla\test\output\generator_comparison_v1\gmm_critical_20260813_0067__tm_20260822__generator_compare_v1\20260814_204348\metadata.json,gmm,7,19,74
gmm_critical_20260813_0067__tm_20260823__generator_compare_v1,gmm_critical_20260813_0067,critical,20260823,3,controlled_generator_comparison_v1,completed,completed,,True,critical,79.135,True,1,1.505,4.689,2.68,completed,healthy,completed,1.0,1.0,1.0,0.992,0.999,True,100,F:\Carla\test\output\generator_comparison_v1\gmm_critical_20260813_0067__tm_20260823__generator_compare_v1\20260814_200637,F:\Carla\test\output\generator_comparison_v1\gmm_critical_20260813_0067__tm_20260823__generator_compare_v1\20260814_200637\metadata.json,gmm,2,4,13
gmm_critical_20260813_0072__tm_20260821__generator_compare_v1,gmm_critical_20260813_0072,critical,20260821,1,controlled_generator_comparison_v1,completed,completed,,True,medium,46.402,False,0,1.705,4.73,5.567,completed,healthy,completed,1.0,1.0,1.0,0.993,0.997,True,100,F:\Carla\test\output\generator_comparison_v1\gmm_critical_20260813_0072__tm_20260821__generator_compare_v1\20260814_205639,F:\Carla\test\output\generator_comparison_v1\gmm_critical_20260813_0072__tm_20260821__generator_compare_v1\20260814_205639\metadata.json,gmm,8,24,96
gmm_critical_20260813_0072__tm_20260822__generator_compare_v1,gmm_critical_20260813_0072,critical,20260822,2,controlled_generator_comparison_v1,completed,completed,,True,medium,46.563,False,0,1.697,4.715,5.537,completed,healthy,completed,1.0,1.0,1.0,0.992,0.999,True,100,F:\Carla\test\output\generator_comparison_v1\gmm_critical_20260813_0072__tm_20260822__generator_compare_v1\20260814_202555,F:\Carla\test\output\generator_comparison_v1\gmm_critical_20260813_0072__tm_20260822__generator_compare_v1\20260814_202555\metadata.json,gmm,4,12,45
gmm_critical_20260813_0072__tm_20260823__generator_compare_v1,gmm_critical_20260813_0072,critical,20260823,3,controlled_generator_comparison_v1,completed,completed,,True,medium,46.628,False,0,1.694,4.699,5.533,completed,healthy,completed,1.0,1.0,1.0,0.992,0.997,True,100,F:\Carla\test\output\generator_comparison_v1\gmm_critical_20260813_0072__tm_20260823__generator_compare_v1\20260814_203227,F:\Carla\test\output\generator_comparison_v1\gmm_critical_20260813_0072__tm_20260823__generator_compare_v1\20260814_203227\metadata.json,gmm,5,14,56
gmm_high_20260813_0005__tm_20260821__generator_compare_v1,gmm_high_20260813_0005,high,20260821,1,controlled_generator_comparison_v1,completed,completed,,True,medium,44.657,False,0,1.535,4.183,5.236,completed,healthy,completed,1.0,1.0,1.0,0.999,0.995,True,100,F:\Carla\test\output\generator_comparison_v1\gmm_high_20260813_0005__tm_20260821__generator_compare_v1\20260814_204534,F:\Carla\test\output\generator_comparison_v1\gmm_high_20260813_0005__tm_20260821__generator_compare_v1\20260814_204534\metadata.json,gmm,7,20,77
gmm_high_20260813_0005__tm_20260822__generator_compare_v1,gmm_high_20260813_0005,high,20260822,2,controlled_generator_comparison_v1,completed,completed,,True,medium,44.818,False,0,1.491,4.258,5.233,completed,healthy,completed,1.0,1.0,1.0,0.992,0.996,True,100,F:\Carla\test\output\generator_comparison_v1\gmm_high_20260813_0005__tm_20260822__generator_compare_v1\20260814_200853,F:\Carla\test\output\generator_comparison_v1\gmm_high_20260813_0005__tm_20260822__generator_compare_v1\20260814_200853\metadata.json,gmm,2,5,17
gmm_high_20260813_0005__tm_20260823__generator_compare_v1,gmm_high_20260813_0005,high,20260823,3,controlled_generator_comparison_v1,completed,completed,,True,medium,44.682,False,0,1.54,4.157,5.234,completed,healthy,completed,1.0,1.0,1.0,0.992,0.993,True,100,F:\Carla\test\output\generator_comparison_v1\gmm_high_20260813_0005__tm_20260823__generator_compare_v1\20260814_210330,F:\Carla\test\output\generator_comparison_v1\gmm_high_20260813_0005__tm_20260823__generator_compare_v1\20260814_210330\metadata.json,gmm,9,27,107
gmm_high_20260813_0049__tm_20260821__generator_compare_v1,gmm_high_20260813_0049,high,20260821,1,controlled_generator_comparison_v1,completed,completed,,True,medium,44.348,False,0,1.205,4.66,4.233,completed,healthy,completed,1.0,1.0,1.0,0.992,0.998,True,100,F:\Carla\test\output\generator_comparison_v1\gmm_high_20260813_0049__tm_20260821__generator_compare_v1\20260814_202250,F:\Carla\test\output\generator_comparison_v1\gmm_high_20260813_0049__tm_20260821__generator_compare_v1\20260814_202250\metadata.json,gmm,4,10,40
gmm_high_20260813_0049__tm_20260822__generator_compare_v1,gmm_high_20260813_0049,high,20260822,2,controlled_generator_comparison_v1,completed,completed,,True,medium,43.509,False,0,1.213,4.539,4.667,completed,healthy,completed,1.0,1.0,1.0,0.992,0.998,True,100,F:\Carla\test\output\generator_comparison_v1\gmm_high_20260813_0049__tm_20260822__generator_compare_v1\20260814_203414,F:\Carla\test\output\generator_comparison_v1\gmm_high_20260813_0049__tm_20260822__generator_compare_v1\20260814_203414\metadata.json,gmm,5,15,59
gmm_high_20260813_0049__tm_20260823__generator_compare_v1,gmm_high_20260813_0049,high,20260823,3,controlled_generator_comparison_v1,completed,completed,,True,medium,44.389,False,0,1.205,4.631,4.242,completed,healthy,completed,1.0,1.0,1.0,0.997,1.0,True,100,F:\Carla\test\output\generator_comparison_v1\gmm_high_20260813_0049__tm_20260823__generator_compare_v1\20260814_205137,F:\Carla\test\output\generator_comparison_v1\gmm_high_20260813_0049__tm_20260823__generator_compare_v1\20260814_205137\metadata.json,gmm,8,22,87
gmm_high_20260813_0079__tm_20260821__generator_compare_v1,gmm_high_20260813_0079,high,20260821,1,controlled_generator_comparison_v1,completed,completed,,True,critical,78.907,False,6,1.266,4.701,1.651,completed,healthy,completed,1.0,1.0,1.0,0.992,0.999,True,100,F:\Carla\test\output\generator_comparison_v1\gmm_high_20260813_0079__tm_20260821__generator_compare_v1\20260814_195920,F:\Carla\test\output\generator_comparison_v1\gmm_high_20260813_0079__tm_20260821__generator_compare_v1\20260814_195920\metadata.json,gmm,1,1,1
gmm_high_20260813_0079__tm_20260822__generator_compare_v1,gmm_high_20260813_0079,high,20260822,2,controlled_generator_comparison_v1,completed,completed,,True,critical,79.038,False,6,1.261,4.65,1.657,completed,healthy,completed,1.0,1.0,1.0,0.992,0.999,True,100,F:\Carla\test\output\generator_comparison_v1\gmm_high_20260813_0079__tm_20260822__generator_compare_v1\20260814_201905,F:\Carla\test\output\generator_comparison_v1\gmm_high_20260813_0079__tm_20260822__generator_compare_v1\20260814_201905\metadata.json,gmm,3,9,34
gmm_high_20260813_0079__tm_20260823__generator_compare_v1,gmm_high_20260813_0079,high,20260823,3,controlled_generator_comparison_v1,completed,completed,,True,critical,78.99,False,6,1.264,4.669,1.651,completed,healthy,completed,1.0,1.0,1.0,0.992,0.999,True,100,F:\Carla\test\output\generator_comparison_v1\gmm_high_20260813_0079__tm_20260823__generator_compare_v1\20260814_203700,F:\Carla\test\output\generator_comparison_v1\gmm_high_20260813_0079__tm_20260823__generator_compare_v1\20260814_203700\metadata.json,gmm,6,16,63
gmm_low_20260813_0012__tm_20260821__generator_compare_v1,gmm_low_20260813_0012,low,20260821,1,controlled_generator_comparison_v1,completed,completed,,True,medium,25.001,False,0,1.486,4.713,13.216,completed,healthy,completed,1.0,1.0,1.0,0.997,0.997,True,100,F:\Carla\test\output\generator_comparison_v1\gmm_low_20260813_0012__tm_20260821__generator_compare_v1\20260814_205512,F:\Carla\test\output\generator_comparison_v1\gmm_low_20260813_0012__tm_20260821__generator_compare_v1\20260814_205512\metadata.json,gmm,8,24,93
gmm_low_20260813_0012__tm_20260822__generator_compare_v1,gmm_low_20260813_0012,low,20260822,2,controlled_generator_comparison_v1,completed,completed,,True,low,23.401,True,0,1.725,4.663,13.216,completed,healthy,completed,1.0,1.0,1.0,0.998,0.998,True,100,F:\Carla\test\output\generator_comparison_v1\gmm_low_20260813_0012__tm_20260822__generator_compare_v1\20260814_202624,F:\Carla\test\output\generator_comparison_v1\gmm_low_20260813_0012__tm_20260822__generator_compare_v1\20260814_202624\metadata.json,gmm,4,12,46
gmm_low_20260813_0012__tm_20260823__generator_compare_v1,gmm_low_20260813_0012,low,20260823,3,controlled_generator_comparison_v1,completed,completed,,True,low,24.83,True,0,1.644,4.266,13.225,completed,healthy,completed,1.0,1.0,1.0,0.994,0.999,True,100,F:\Carla\test\output\generator_comparison_v1\gmm_low_20260813_0012__tm_20260823__generator_compare_v1\20260814_203156,F:\Carla\test\output\generator_comparison_v1\gmm_low_20260813_0012__tm_20260823__generator_compare_v1\20260814_203156\metadata.json,gmm,5,14,55
gmm_low_20260813_0036__tm_20260821__generator_compare_v1,gmm_low_20260813_0036,low,20260821,1,controlled_generator_comparison_v1,completed,completed,,True,medium,26.015,False,0,1.517,4.51,8.774,completed,healthy,completed,1.0,1.0,1.0,0.997,0.996,True,100,F:\Carla\test\output\generator_comparison_v1\gmm_low_20260813_0036__tm_20260821__generator_compare_v1\20260814_204132,F:\Carla\test\output\generator_comparison_v1\gmm_low_20260813_0036__tm_20260821__generator_compare_v1\20260814_204132\metadata.json,gmm,6,18,71
gmm_low_20260813_0036__tm_20260822__generator_compare_v1,gmm_low_20260813_0036,low,20260822,2,controlled_generator_comparison_v1,completed,completed,,True,low,24.985,True,0,1.654,4.534,8.774,completed,healthy,completed,1.0,1.0,1.0,0.999,0.999,True,100,F:\Carla\test\output\generator_comparison_v1\gmm_low_20260813_0036__tm_20260822__generator_compare_v1\20260814_200449,F:\Carla\test\output\generator_comparison_v1\gmm_low_20260813_0036__tm_20260822__generator_compare_v1\20260814_200449\metadata.json,gmm,1,3,11
gmm_low_20260813_0036__tm_20260823__generator_compare_v1,gmm_low_20260813_0036,low,20260823,3,controlled_generator_comparison_v1,completed,completed,,True,low,24.591,True,0,1.692,4.591,8.774,completed,healthy,completed,1.0,1.0,1.0,0.995,0.996,True,100,F:\Carla\test\output\generator_comparison_v1\gmm_low_20260813_0036__tm_20260823__generator_compare_v1\20260814_201745,F:\Carla\test\output\generator_comparison_v1\gmm_low_20260813_0036__tm_20260823__generator_compare_v1\20260814_201745\metadata.json,gmm,3,8,32
gmm_low_20260813_0072__tm_20260821__generator_compare_v1,gmm_low_20260813_0072,low,20260821,1,controlled_generator_comparison_v1,completed,completed,,True,medium,25.158,False,0,1.695,4.048,11.369,completed,healthy,completed,1.0,1.0,1.0,0.997,1.029,True,100,F:\Carla\test\output\generator_comparison_v1\gmm_low_20260813_0072__tm_20260821__generator_compare_v1\20260814_210014,F:\Carla\test\output\generator_comparison_v1\gmm_low_20260813_0072__tm_20260821__generator_compare_v1\20260814_210014\metadata.json,gmm,9,26,101
gmm_low_20260813_0072__tm_20260822__generator_compare_v1,gmm_low_20260813_0072,low,20260822,2,controlled_generator_comparison_v1,completed,completed,,True,medium,25.257,False,0,1.686,4.032,11.366,completed,healthy,completed,1.0,1.0,1.0,1.001,1.021,True,100,F:\Carla\test\output\generator_comparison_v1\gmm_low_20260813_0072__tm_20260822__generator_compare_v1\20260814_204445,F:\Carla\test\output\generator_comparison_v1\gmm_low_20260813_0072__tm_20260822__generator_compare_v1\20260814_204445\metadata.json,gmm,7,19,76
gmm_low_20260813_0072__tm_20260823__generator_compare_v1,gmm_low_20260813_0072,low,20260823,3,controlled_generator_comparison_v1,completed,completed,,True,low,24.397,True,0,1.702,4.38,11.369,completed,healthy,completed,1.0,1.0,1.0,0.996,1.026,True,100,F:\Carla\test\output\generator_comparison_v1\gmm_low_20260813_0072__tm_20260823__generator_compare_v1\20260814_200804,F:\Carla\test\output\generator_comparison_v1\gmm_low_20260813_0072__tm_20260823__generator_compare_v1\20260814_200804\metadata.json,gmm,2,4,16
gmm_medium_20260813_0010__tm_20260821__generator_compare_v1,gmm_medium_20260813_0010,medium,20260821,1,controlled_generator_comparison_v1,completed,completed,,True,medium,29.044,True,0,1.684,4.652,10.059,completed,healthy,completed,1.0,1.0,1.0,0.993,0.995,True,100,F:\Carla\test\output\generator_comparison_v1\gmm_medium_20260813_0010__tm_20260821__generator_compare_v1\20260814_201210,F:\Carla\test\output\generator_comparison_v1\gmm_medium_20260813_0010__tm_20260821__generator_compare_v1\20260814_201210\metadata.json,gmm,2,6,23
gmm_medium_20260813_0010__tm_20260822__generator_compare_v1,gmm_medium_20260813_0010,medium,20260822,2,controlled_generator_comparison_v1,completed,completed,,True,medium,28.413,True,0,1.787,4.603,10.064,completed,healthy,completed,1.0,1.0,1.0,0.995,0.997,True,100,F:\Carla\test\output\generator_comparison_v1\gmm_medium_20260813_0010__tm_20260822__generator_compare_v1\20260814_205925,F:\Carla\test\output\generator_comparison_v1\gmm_medium_20260813_0010__tm_20260822__generator_compare_v1\20260814_205925\metadata.json,gmm,9,25,100
gmm_medium_20260813_0010__tm_20260823__generator_compare_v1,gmm_medium_20260813_0010,medium,20260823,3,controlled_generator_comparison_v1,completed,completed,,True,medium,29.044,True,0,1.684,4.652,10.062,completed,healthy,completed,1.0,1.0,1.0,0.992,0.995,True,100,F:\Carla\test\output\generator_comparison_v1\gmm_medium_20260813_0010__tm_20260823__generator_compare_v1\20260814_204752,F:\Carla\test\output\generator_comparison_v1\gmm_medium_20260813_0010__tm_20260823__generator_compare_v1\20260814_204752\metadata.json,gmm,7,21,81
gmm_medium_20260813_0077__tm_20260821__generator_compare_v1,gmm_medium_20260813_0077,medium,20260821,1,controlled_generator_comparison_v1,completed,completed,,True,medium,28.37,True,0,1.543,4.583,8.642,completed,healthy,completed,1.0,1.0,1.0,0.995,0.998,True,100,F:\Carla\test\output\generator_comparison_v1\gmm_medium_20260813_0077__tm_20260821__generator_compare_v1\20260814_203009,F:\Carla\test\output\generator_comparison_v1\gmm_medium_20260813_0077__tm_20260821__generator_compare_v1\20260814_203009\metadata.json,gmm,5,13,52
gmm_medium_20260813_0077__tm_20260822__generator_compare_v1,gmm_medium_20260813_0077,medium,20260822,2,controlled_generator_comparison_v1,completed,completed,,True,medium,28.362,True,0,1.546,4.577,8.64,completed,healthy,completed,1.0,1.0,1.0,0.995,0.998,True,100,F:\Carla\test\output\generator_comparison_v1\gmm_medium_20260813_0077__tm_20260822__generator_compare_v1\20260814_205325,F:\Carla\test\output\generator_comparison_v1\gmm_medium_20260813_0077__tm_20260822__generator_compare_v1\20260814_205325\metadata.json,gmm,8,23,90
gmm_medium_20260813_0077__tm_20260823__generator_compare_v1,gmm_medium_20260813_0077,medium,20260823,3,controlled_generator_comparison_v1,completed,completed,,True,medium,28.513,True,0,1.496,4.673,8.641,completed,healthy,completed,1.0,1.0,1.0,0.993,0.998,True,100,F:\Carla\test\output\generator_comparison_v1\gmm_medium_20260813_0077__tm_20260823__generator_compare_v1\20260814_202339,F:\Carla\test\output\generator_comparison_v1\gmm_medium_20260813_0077__tm_20260823__generator_compare_v1\20260814_202339\metadata.json,gmm,4,11,41
gmm_medium_20260813_0102__tm_20260821__generator_compare_v1,gmm_medium_20260813_0102,medium,20260821,1,controlled_generator_comparison_v1,completed,completed,,True,medium,32.709,True,0,1.635,4.076,3.899,completed,healthy,completed,1.0,1.0,1.0,0.992,0.998,True,100,F:\Carla\test\output\generator_comparison_v1\gmm_medium_20260813_0102__tm_20260821__generator_compare_v1\20260814_201427,F:\Carla\test\output\generator_comparison_v1\gmm_medium_20260813_0102__tm_20260821__generator_compare_v1\20260814_201427\metadata.json,gmm,3,7,26
gmm_medium_20260813_0102__tm_20260822__generator_compare_v1,gmm_medium_20260813_0102,medium,20260822,2,controlled_generator_comparison_v1,completed,completed,,True,medium,32.714,True,0,1.635,4.071,3.901,completed,healthy,completed,1.0,1.0,1.0,0.997,0.999,True,100,F:\Carla\test\output\generator_comparison_v1\gmm_medium_20260813_0102__tm_20260822__generator_compare_v1\20260814_203945,F:\Carla\test\output\generator_comparison_v1\gmm_medium_20260813_0102__tm_20260822__generator_compare_v1\20260814_203945\metadata.json,gmm,6,17,68
gmm_medium_20260813_0102__tm_20260823__generator_compare_v1,gmm_medium_20260813_0102,medium,20260823,3,controlled_generator_comparison_v1,completed,completed,,True,medium,34.255,True,0,1.505,3.783,3.903,completed,healthy,completed,1.0,1.0,1.0,0.998,0.998,True,100,F:\Carla\test\output\generator_comparison_v1\gmm_medium_20260813_0102__tm_20260823__generator_compare_v1\20260814_200232,F:\Carla\test\output\generator_comparison_v1\gmm_medium_20260813_0102__tm_20260823__generator_compare_v1\20260814_200232\metadata.json,gmm,1,2,7
lhs_critical_20260813_0036__tm_20260821__generator_compare_v1,lhs_critical_20260813_0036,critical,20260821,1,controlled_generator_comparison_v1,completed,completed,,True,high,52.341,False,0,1.066,3.899,7.531,completed,healthy,completed,1.0,1.0,1.0,0.996,1.033,True,100,F:\Carla\test\output\generator_comparison_v1\lhs_critical_20260813_0036__tm_20260821__generator_compare_v1\20260814_200134,F:\Carla\test\output\generator_comparison_v1\lhs_critical_20260813_0036__tm_20260821__generator_compare_v1\20260814_200134\metadata.json,lhs,1,2,5
lhs_critical_20260813_0036__tm_20260822__generator_compare_v1,lhs_critical_20260813_0036,critical,20260822,2,controlled_generator_comparison_v1,completed,completed,,True,high,52.429,False,0,1.06,3.878,7.797,completed,healthy,completed,1.0,1.0,1.0,0.997,0.999,True,100,F:\Carla\test\output\generator_comparison_v1\lhs_critical_20260813_0036__tm_20260822__generator_compare_v1\20260814_201358,F:\Carla\test\output\generator_comparison_v1\lhs_critical_20260813_0036__tm_20260822__generator_compare_v1\20260814_201358\metadata.json,lhs,3,7,25
lhs_critical_20260813_0036__tm_20260823__generator_compare_v1,lhs_critical_20260813_0036,critical,20260823,3,controlled_generator_comparison_v1,completed,completed,,True,high,52.357,False,0,1.065,3.895,7.615,completed,healthy,completed,1.0,1.0,1.0,0.999,0.999,True,100,F:\Carla\test\output\generator_comparison_v1\lhs_critical_20260813_0036__tm_20260823__generator_compare_v1\20260814_203847,F:\Carla\test\output\generator_comparison_v1\lhs_critical_20260813_0036__tm_20260823__generator_compare_v1\20260814_203847\metadata.json,lhs,6,17,66
lhs_critical_20260813_0055__tm_20260821__generator_compare_v1,lhs_critical_20260813_0055,critical,20260821,1,controlled_generator_comparison_v1,completed,completed,,True,medium,49.945,False,0,1.162,4.353,6.977,completed,healthy,completed,1.0,1.0,1.0,0.992,0.995,True,100,F:\Carla\test\output\generator_comparison_v1\lhs_critical_20260813_0055__tm_20260821__generator_compare_v1\20260814_202408,F:\Carla\test\output\generator_comparison_v1\lhs_critical_20260813_0055__tm_20260821__generator_compare_v1\20260814_202408\metadata.json,lhs,4,11,42
lhs_critical_20260813_0055__tm_20260822__generator_compare_v1,lhs_critical_20260813_0055,critical,20260822,2,controlled_generator_comparison_v1,completed,completed,,True,high,50.305,False,0,1.165,4.175,6.675,completed,healthy,completed,1.0,1.0,1.0,0.992,0.995,True,100,F:\Carla\test\output\generator_comparison_v1\lhs_critical_20260813_0055__tm_20260822__generator_compare_v1\20260814_202842,F:\Carla\test\output\generator_comparison_v1\lhs_critical_20260813_0055__tm_20260822__generator_compare_v1\20260814_202842\metadata.json,lhs,5,13,49
lhs_critical_20260813_0055__tm_20260823__generator_compare_v1,lhs_critical_20260813_0055,critical,20260823,3,controlled_generator_comparison_v1,completed,completed,,True,high,50.566,False,0,1.136,4.15,6.642,completed,healthy,completed,1.0,1.0,1.0,0.998,0.995,True,100,F:\Carla\test\output\generator_comparison_v1\lhs_critical_20260813_0055__tm_20260823__generator_compare_v1\20260814_205255,F:\Carla\test\output\generator_comparison_v1\lhs_critical_20260813_0055__tm_20260823__generator_compare_v1\20260814_205255\metadata.json,lhs,8,23,89
lhs_critical_20260813_0101__tm_20260821__generator_compare_v1,lhs_critical_20260813_0101,critical,20260821,1,controlled_generator_comparison_v1,completed,completed,,True,medium,49.55,False,0,1.378,4.259,10.255,completed,healthy,completed,1.0,1.0,1.0,1.002,0.979,True,100,F:\Carla\test\output\generator_comparison_v1\lhs_critical_20260813_0101__tm_20260821__generator_compare_v1\20260814_211846,F:\Carla\test\output\generator_comparison_v1\lhs_critical_20260813_0101__tm_20260821__generator_compare_v1\20260814_211846\metadata.json,lhs,7,21,83
lhs_critical_20260813_0101__tm_20260822__generator_compare_v1,lhs_critical_20260813_0101,critical,20260822,2,controlled_generator_comparison_v1,completed,completed,,True,medium,47.348,False,0,1.73,4.113,9.403,completed,healthy,completed,1.0,1.0,1.0,0.997,0.997,True,100,F:\Carla\test\output\generator_comparison_v1\lhs_critical_20260813_0101__tm_20260822__generator_compare_v1\20260814_201112,F:\Carla\test\output\generator_comparison_v1\lhs_critical_20260813_0101__tm_20260822__generator_compare_v1\20260814_201112\metadata.json,lhs,2,6,21
lhs_critical_20260813_0101__tm_20260823__generator_compare_v1,lhs_critical_20260813_0101,critical,20260823,3,controlled_generator_comparison_v1,completed,completed,,True,high,50.006,False,0,1.234,4.526,10.189,completed,healthy,completed,1.0,1.0,1.0,0.993,1.208,True,100,F:\Carla\test\output\generator_comparison_v1\lhs_critical_20260813_0101__tm_20260823__generator_compare_v1\20260814_205758,F:\Carla\test\output\generator_comparison_v1\lhs_critical_20260813_0101__tm_20260823__generator_compare_v1\20260814_205758\metadata.json,lhs,9,25,97
lhs_high_20260813_0024__tm_20260821__generator_compare_v1,lhs_high_20260813_0024,high,20260821,1,controlled_generator_comparison_v1,completed,completed,,True,high,50.389,True,0,1.075,4.025,3.322,completed,healthy,completed,1.0,1.0,1.0,0.992,0.999,True,100,F:\Carla\test\output\generator_comparison_v1\lhs_high_20260813_0024__tm_20260821__generator_compare_v1\20260814_201617,F:\Carla\test\output\generator_comparison_v1\lhs_high_20260813_0024__tm_20260821__generator_compare_v1\20260814_201617\metadata.json,lhs,3,8,29
lhs_high_20260813_0024__tm_20260822__generator_compare_v1,lhs_high_20260813_0024,high,20260822,2,controlled_generator_comparison_v1,completed,completed,,True,high,50.251,True,0,1.08,4.067,3.327,completed,healthy,completed,1.0,1.0,1.0,0.992,0.999,True,100,F:\Carla\test\output\generator_comparison_v1\lhs_high_20260813_0024__tm_20260822__generator_compare_v1\20260814_204201,F:\Carla\test\output\generator_comparison_v1\lhs_high_20260813_0024__tm_20260822__generator_compare_v1\20260814_204201\metadata.json,lhs,6,18,72
lhs_high_20260813_0024__tm_20260823__generator_compare_v1,lhs_high_20260813_0024,high,20260823,3,controlled_generator_comparison_v1,completed,completed,,True,high,50.316,True,0,1.08,4.047,3.318,completed,healthy,completed,1.0,1.0,1.0,0.992,0.999,True,100,F:\Carla\test\output\generator_comparison_v1\lhs_high_20260813_0024__tm_20260823__generator_compare_v1\20260814_200518,F:\Carla\test\output\generator_comparison_v1\lhs_high_20260813_0024__tm_20260823__generator_compare_v1\20260814_200518\metadata.json,lhs,1,3,12
lhs_high_20260813_0077__tm_20260821__generator_compare_v1,lhs_high_20260813_0077,high,20260821,1,controlled_generator_comparison_v1,completed,completed,,True,medium,44.694,False,0,1.168,4.398,10.38,completed,healthy,completed,1.0,1.0,1.0,0.992,1.0,True,100,F:\Carla\test\output\generator_comparison_v1\lhs_high_20260813_0077__tm_20260821__generator_compare_v1\20260814_200706,F:\Carla\test\output\generator_comparison_v1\lhs_high_20260813_0077__tm_20260821__generator_compare_v1\20260814_200706\metadata.json,lhs,2,4,14
lhs_high_20260813_0077__tm_20260822__generator_compare_v1,lhs_high_20260813_0077,high,20260822,2,controlled_generator_comparison_v1,completed,completed,,True,medium,44.647,False,0,1.168,4.42,10.384,completed,healthy,completed,1.0,1.0,1.0,0.993,0.998,True,100,F:\Carla\test\output\generator_comparison_v1\lhs_high_20260813_0077__tm_20260822__generator_compare_v1\20260814_210113,F:\Carla\test\output\generator_comparison_v1\lhs_high_20260813_0077__tm_20260822__generator_compare_v1\20260814_210113\metadata.json,lhs,9,26,103
lhs_high_20260813_0077__tm_20260823__generator_compare_v1,lhs_high_20260813_0077,high,20260823,3,controlled_generator_comparison_v1,completed,completed,,True,medium,44.867,False,0,1.16,4.344,10.392,completed,healthy,completed,1.0,1.0,1.0,0.994,0.998,True,100,F:\Carla\test\output\generator_comparison_v1\lhs_high_20260813_0077__tm_20260823__generator_compare_v1\20260814_204416,F:\Carla\test\output\generator_comparison_v1\lhs_high_20260813_0077__tm_20260823__generator_compare_v1\20260814_204416\metadata.json,lhs,7,19,75
lhs_high_20260813_0106__tm_20260821__generator_compare_v1,lhs_high_20260813_0106,high,20260821,1,controlled_generator_comparison_v1,completed,completed,,True,high,51.694,True,0,1.011,4.085,4.574,completed,healthy,completed,1.0,1.0,1.0,0.993,0.999,True,100,F:\Carla\test\output\generator_comparison_v1\lhs_high_20260813_0106__tm_20260821__generator_compare_v1\20260814_203127,F:\Carla\test\output\generator_comparison_v1\lhs_high_20260813_0106__tm_20260821__generator_compare_v1\20260814_203127\metadata.json,lhs,5,14,54
lhs_high_20260813_0106__tm_20260822__generator_compare_v1,lhs_high_20260813_0106,high,20260822,2,controlled_generator_comparison_v1,completed,completed,,True,high,51.695,True,0,1.016,4.068,4.574,completed,healthy,completed,1.0,1.0,1.0,0.992,0.999,True,100,F:\Carla\test\output\generator_comparison_v1\lhs_high_20260813_0106__tm_20260822__generator_compare_v1\20260814_205541,F:\Carla\test\output\generator_comparison_v1\lhs_high_20260813_0106__tm_20260822__generator_compare_v1\20260814_205541\metadata.json,lhs,8,24,94
lhs_high_20260813_0106__tm_20260823__generator_compare_v1,lhs_high_20260813_0106,high,20260823,3,controlled_generator_comparison_v1,completed,completed,,True,high,51.853,True,0,1.008,4.021,4.574,completed,healthy,completed,1.0,1.0,1.0,0.992,0.995,True,100,F:\Carla\test\output\generator_comparison_v1\lhs_high_20260813_0106__tm_20260823__generator_compare_v1\20260814_202722,F:\Carla\test\output\generator_comparison_v1\lhs_high_20260813_0106__tm_20260823__generator_compare_v1\20260814_202722\metadata.json,lhs,4,12,48
lhs_low_20260813_0010__tm_20260821__generator_compare_v1,lhs_low_20260813_0010,low,20260821,1,controlled_generator_comparison_v1,completed,completed,,True,medium,25.855,False,0,1.646,4.289,15.224,completed,healthy,completed,1.0,1.0,1.0,0.999,0.997,True,100,F:\Carla\test\output\generator_comparison_v1\lhs_low_20260813_0010__tm_20260821__generator_compare_v1\20260814_200203,F:\Carla\test\output\generator_comparison_v1\lhs_low_20260813_0010__tm_20260821__generator_compare_v1\20260814_200203\metadata.json,lhs,1,2,6
lhs_low_20260813_0010__tm_20260822__generator_compare_v1,lhs_low_20260813_0010,low,20260822,2,controlled_generator_comparison_v1,completed,completed,,True,medium,25.987,False,0,1.638,4.254,15.22,completed,healthy,completed,1.0,1.0,1.0,0.996,0.999,True,100,F:\Carla\test\output\generator_comparison_v1\lhs_low_20260813_0010__tm_20260822__generator_compare_v1\20260814_201528,F:\Carla\test\output\generator_comparison_v1\lhs_low_20260813_0010__tm_20260822__generator_compare_v1\20260814_201528\metadata.json,lhs,3,7,28
lhs_low_20260813_0010__tm_20260823__generator_compare_v1,lhs_low_20260813_0010,low,20260823,3,controlled_generator_comparison_v1,completed,completed,,True,medium,25.757,False,0,1.652,4.315,15.228,completed,healthy,completed,1.0,1.0,1.0,0.999,0.997,True,100,F:\Carla\test\output\generator_comparison_v1\lhs_low_20260813_0010__tm_20260823__generator_compare_v1\20260814_203818,F:\Carla\test\output\generator_comparison_v1\lhs_low_20260813_0010__tm_20260823__generator_compare_v1\20260814_203818\metadata.json,lhs,6,17,65
lhs_low_20260813_0077__tm_20260821__generator_compare_v1,lhs_low_20260813_0077,low,20260821,1,controlled_generator_comparison_v1,completed,completed,,True,low,24.869,True,0,1.643,4.251,12.654,completed,healthy,completed,1.0,1.0,1.0,0.998,1.049,True,100,F:\Carla\test\output\generator_comparison_v1\lhs_low_20260813_0077__tm_20260821__generator_compare_v1\20260814_204821,F:\Carla\test\output\generator_comparison_v1\lhs_low_20260813_0077__tm_20260821__generator_compare_v1\20260814_204821\metadata.json,lhs,7,21,82
lhs_low_20260813_0077__tm_20260822__generator_compare_v1,lhs_low_20260813_0077,low,20260822,2,controlled_generator_comparison_v1,completed,completed,,True,low,24.032,True,0,1.663,4.575,12.663,completed,healthy,completed,1.0,1.0,1.0,1.04,1.053,True,100,F:\Carla\test\output\generator_comparison_v1\lhs_low_20260813_0077__tm_20260822__generator_compare_v1\20260814_201239,F:\Carla\test\output\generator_comparison_v1\lhs_low_20260813_0077__tm_20260822__generator_compare_v1\20260814_201239\metadata.json,lhs,2,6,24
lhs_low_20260813_0077__tm_20260823__generator_compare_v1,lhs_low_20260813_0077,low,20260823,3,controlled_generator_comparison_v1,completed,completed,,True,low,24.853,True,0,1.645,4.252,12.662,completed,healthy,completed,1.0,1.0,1.0,0.997,1.043,True,100,F:\Carla\test\output\generator_comparison_v1\lhs_low_20260813_0077__tm_20260823__generator_compare_v1\20260814_205856,F:\Carla\test\output\generator_comparison_v1\lhs_low_20260813_0077__tm_20260823__generator_compare_v1\20260814_205856\metadata.json,lhs,9,25,99
lhs_low_20260813_0128__tm_20260821__generator_compare_v1,lhs_low_20260813_0128,low,20260821,1,controlled_generator_comparison_v1,completed,completed,,True,low,24.469,True,0,1.695,4.273,10.944,completed,healthy,completed,1.0,1.0,1.0,0.998,1.047,True,100,F:\Carla\test\output\generator_comparison_v1\lhs_low_20260813_0128__tm_20260821__generator_compare_v1\20260814_202506,F:\Carla\test\output\generator_comparison_v1\lhs_low_20260813_0128__tm_20260821__generator_compare_v1\20260814_202506\metadata.json,lhs,4,11,44
lhs_low_20260813_0128__tm_20260822__generator_compare_v1,lhs_low_20260813_0128,low,20260822,2,controlled_generator_comparison_v1,completed,completed,,True,low,24.487,True,0,1.654,4.401,10.944,completed,healthy,completed,1.0,1.0,1.0,0.997,1.056,True,100,F:\Carla\test\output\generator_comparison_v1\lhs_low_20260813_0128__tm_20260822__generator_compare_v1\20260814_202940,F:\Carla\test\output\generator_comparison_v1\lhs_low_20260813_0128__tm_20260822__generator_compare_v1\20260814_202940\metadata.json,lhs,5,13,51
lhs_low_20260813_0128__tm_20260823__generator_compare_v1,lhs_low_20260813_0128,low,20260823,3,controlled_generator_comparison_v1,completed,completed,,True,low,24.467,True,0,1.655,4.407,10.944,completed,healthy,completed,1.0,1.0,1.0,0.995,1.042,True,100,F:\Carla\test\output\generator_comparison_v1\lhs_low_20260813_0128__tm_20260823__generator_compare_v1\20260814_205423,F:\Carla\test\output\generator_comparison_v1\lhs_low_20260813_0128__tm_20260823__generator_compare_v1\20260814_205423\metadata.json,lhs,8,23,92
lhs_medium_20260813_0026__tm_20260821__generator_compare_v1,lhs_medium_20260813_0026,medium,20260821,1,controlled_generator_comparison_v1,completed,completed,,True,medium,28.551,True,0,1.655,4.15,13.131,completed,healthy,completed,1.0,1.0,1.0,0.992,1.0,True,100,F:\Carla\test\output\generator_comparison_v1\lhs_medium_20260813_0026__tm_20260821__generator_compare_v1\20260814_203631,F:\Carla\test\output\generator_comparison_v1\lhs_medium_20260813_0026__tm_20260821__generator_compare_v1\20260814_203631\metadata.json,lhs,6,16,62
lhs_medium_20260813_0026__tm_20260822__generator_compare_v1,lhs_medium_20260813_0026,medium,20260822,2,controlled_generator_comparison_v1,completed,completed,,True,medium,28.378,True,0,1.645,4.264,13.13,completed,healthy,completed,1.0,1.0,1.0,0.992,0.997,True,100,F:\Carla\test\output\generator_comparison_v1\lhs_medium_20260813_0026__tm_20260822__generator_compare_v1\20260814_200045,F:\Carla\test\output\generator_comparison_v1\lhs_medium_20260813_0026__tm_20260822__generator_compare_v1\20260814_200045\metadata.json,lhs,1,1,4
lhs_medium_20260813_0026__tm_20260823__generator_compare_v1,lhs_medium_20260813_0026,medium,20260823,3,controlled_generator_comparison_v1,completed,completed,,True,medium,28.311,True,0,1.649,4.282,13.138,completed,healthy,completed,1.0,1.0,1.0,0.997,1.0,True,100,F:\Carla\test\output\generator_comparison_v1\lhs_medium_20260813_0026__tm_20260823__generator_compare_v1\20260814_201835,F:\Carla\test\output\generator_comparison_v1\lhs_medium_20260813_0026__tm_20260823__generator_compare_v1\20260814_201835\metadata.json,lhs,3,9,33
lhs_medium_20260813_0041__tm_20260821__generator_compare_v1,lhs_medium_20260813_0041,medium,20260821,1,controlled_generator_comparison_v1,completed,completed,,True,medium,31.078,True,0,1.692,4.24,6.936,completed,healthy,completed,1.0,1.0,1.0,0.995,0.995,True,100,F:\Carla\test\output\generator_comparison_v1\lhs_medium_20260813_0041__tm_20260821__generator_compare_v1\20260814_205108,F:\Carla\test\output\generator_comparison_v1\lhs_medium_20260813_0041__tm_20260821__generator_compare_v1\20260814_205108\metadata.json,lhs,8,22,86
lhs_medium_20260813_0041__tm_20260822__generator_compare_v1,lhs_medium_20260813_0041,medium,20260822,2,controlled_generator_comparison_v1,completed,completed,,True,medium,30.093,True,0,1.694,4.693,6.939,completed,healthy,completed,1.0,1.0,1.0,0.997,1.0,True,100,F:\Carla\test\output\generator_comparison_v1\lhs_medium_20260813_0041__tm_20260822__generator_compare_v1\20260814_202152,F:\Carla\test\output\generator_comparison_v1\lhs_medium_20260813_0041__tm_20260822__generator_compare_v1\20260814_202152\metadata.json,lhs,4,10,38
lhs_medium_20260813_0041__tm_20260823__generator_compare_v1,lhs_medium_20260813_0041,medium,20260823,3,controlled_generator_comparison_v1,completed,completed,,True,medium,31.139,True,0,1.688,4.225,6.94,completed,healthy,completed,1.0,1.0,1.0,0.997,0.999,True,100,F:\Carla\test\output\generator_comparison_v1\lhs_medium_20260813_0041__tm_20260823__generator_compare_v1\20260814_203443,F:\Carla\test\output\generator_comparison_v1\lhs_medium_20260813_0041__tm_20260823__generator_compare_v1\20260814_203443\metadata.json,lhs,5,15,60
lhs_medium_20260813_0110__tm_20260821__generator_compare_v1,lhs_medium_20260813_0110,medium,20260821,1,controlled_generator_comparison_v1,completed,completed,,True,medium,32.633,True,0,1.673,4.373,7.001,completed,healthy,completed,1.0,1.0,1.0,0.993,0.997,True,100,F:\Carla\test\output\generator_comparison_v1\lhs_medium_20260813_0110__tm_20260821__generator_compare_v1\20260814_210300,F:\Carla\test\output\generator_comparison_v1\lhs_medium_20260813_0110__tm_20260821__generator_compare_v1\20260814_210300\metadata.json,lhs,9,27,106
lhs_medium_20260813_0110__tm_20260822__generator_compare_v1,lhs_medium_20260813_0110,medium,20260822,2,controlled_generator_comparison_v1,completed,completed,,True,medium,32.714,True,0,1.667,4.355,7.002,completed,healthy,completed,1.0,1.0,1.0,0.992,0.997,True,100,F:\Carla\test\output\generator_comparison_v1\lhs_medium_20260813_0110__tm_20260822__generator_compare_v1\20260814_204603,F:\Carla\test\output\generator_comparison_v1\lhs_medium_20260813_0110__tm_20260822__generator_compare_v1\20260814_204603\metadata.json,lhs,7,20,78
lhs_medium_20260813_0110__tm_20260823__generator_compare_v1,lhs_medium_20260813_0110,medium,20260823,3,controlled_generator_comparison_v1,completed,completed,,True,medium,32.417,True,0,1.672,4.477,7.002,completed,healthy,completed,1.0,1.0,1.0,0.995,0.999,True,100,F:\Carla\test\output\generator_comparison_v1\lhs_medium_20260813_0110__tm_20260823__generator_compare_v1\20260814_200922,F:\Carla\test\output\generator_comparison_v1\lhs_medium_20260813_0110__tm_20260823__generator_compare_v1\20260814_200922\metadata.json,lhs,2,5,18
